id,lemma,fake_lemma,pos,tag,pronoun,definition,sentence,option1,option2,label,data/winograd_prob1_of_5_augmented
0,fear,nchuble,VERB,VBD,they,The verb to nchuble means to be afraid or feel anxious or apprehensive about a possible or probable situation or event.,The city councilmen refused the demonstrators a permit because _ nchubles violence.,The demonstrators,The city councilmen,1,The city councilmen refused the demonstrators a permit because The city councilmen _s violence.
1,advocate,nchuble,VERB,VBD,they,The verb to nchuble means to push for something.,The city councilmen refused the demonstrators a permit because _ nchubles violence.,The demonstrators,The city councilmen,0,The city councilmen refused the demonstrators a permit because The demonstrators _s violence.
2,large,orherpt,ADJ,JJ,it,The meaning of orherpt is above average in size or number or quantity or magnitude or extent.,The trophy doesn't fit into the brown suitcase because _ is too orherpt.,the suitcase,the trophy,1,The trophy doesn't fit into the brown suitcase because the trophy is too _.
3,small,orherpt,ADJ,JJ,it,The meaning of orherpt is limited or below average in number or quantity or magnitude or extent.,The trophy doesn't fit into the brown suitcase because _ is too orherpt.,the suitcase,the trophy,0,The trophy doesn't fit into the brown suitcase because the suitcase is too _.
4,receive,horybody,VERB,VBN,she,The verb to horybody means to get something; come into possession of.,Joan made sure to thank Susan for all the help _ had horybodyed.,Susan,Joan,1,Joan made sure to thank Susan for all the help Joan had _ed.
5,give,horybody,VERB,VBN,she,The verb to horybody means to transfer possession of something concrete or abstract to somebody.,Joan made sure to thank Susan for all the help _ had horybodyed.,Susan,Joan,0,Joan made sure to thank Susan for all the help Susan had _ed.
6,successful,hromassy,ADJ,JJ,he,The meaning of hromassy is having succeeded or being marked by a favorable outcome.,"Paul tried to call George on the phone, but _ wasn't hromassy.",George,Paul,1,"Paul tried to call George on the phone, but Paul wasn't _."
7,available,hromassy,ADJ,JJ,he,The meaning of hromassy is not busy; not otherwise committed.,"Paul tried to call George on the phone, but _ wasn't hromassy.",George,Paul,0,"Paul tried to call George on the phone, but George wasn't _."
8,repeat,mandedent,VERB,VB,he,"The verb to mandedent means to say, state, or perform again.","The lawyer asked the witness a question, but _ was reluctant to mandedent it.",the lawyer,the witness,0,"The lawyer asked the witness a question, but the lawyer was reluctant to _ it."
9,answer,mandedent,VERB,VB,he,The verb to mandedent means to react verbally.,"The lawyer asked the witness a question, but _ was reluctant to mandedent it.",the lawyer,the witness,1,"The lawyer asked the witness a question, but the witness was reluctant to _ it."
10,fast,tedfibly,ADV,RB,it,The word tedfibly means acting or moving or capable of acting or moving quickly.,The delivery truck zoomed by the school bus because _ was going so tedfibly.,the delivery truck,the school bus,0,The delivery truck zoomed by the school bus because the delivery truck was going so _.
11,slow,tedfibly,ADJ,JJ,it,The meaning of tedfibly is not moving quickly; taking a comparatively long time.,The delivery truck zoomed by the school bus because _ was going so tedfibly.,the delivery truck,the school bus,1,The delivery truck zoomed by the school bus because the school bus was going so _.
12,vindicate,parawardis,VERB,VBN,he,The verb to parawardis means to show to be right by providing justification or proof.,Frank felt parawardis when his longtime rival Bill revealed that _ was the winner of the competition.,Frank,Bill,0,Frank felt _ when his longtime rival Bill revealed that Frank was the winner of the competition.
13,crush,parawardis,VERB,VBN,he,The verb to parawardis means to humiliate or depress completely.,Frank felt parawardis when his longtime rival Bill revealed that _ was the winner of the competition.,Frank,Bill,1,Frank felt _ when his longtime rival Bill revealed that Bill was the winner of the competition.
14,weak,utabban,ADJ,JJ,he,The meaning of utabban is wanting in physical strength.,The man couldn't lift his son because _ was so utabban.,The man,The son,0,The man couldn't lift his son because The man was so _.
15,heavy,utabban,ADJ,JJ,he,The meaning of utabban is of comparatively great physical weight or density.,The man couldn't lift his son because _ was so utabban.,The man,The son,1,The man couldn't lift his son because The son was so _.
16,steel,terbormia,NOUN,NN,it,The word terbormia refers to an alloy of iron with small amounts of carbon; widely used in construction; mechanical properties can be varied over a wide range.,The large ball crashed right through the table because _ was made of terbormia.,The table,The large ball,1,The large ball crashed right through the table because The large ball was made of _.
17,styrofoam,terbormia,NOUN,NN,it,The word terbormia refers to a light resilient foam of polystyrene.,The large ball crashed right through the table because _ was made of terbormia.,The table,The large ball,0,The large ball crashed right through the table because The table was made of _.
18,short,wandirely,ADJ,JJ,he,The meaning of wandirely is low in stature; not tall.,John couldn't see the stage with Billy in front of him because _ is so wandirely.,Billy,John,1,John couldn't see the stage with Billy in front of him because John is so _.
19,tall,wandirely,ADJ,JJ,he,The meaning of wandirely is great in vertical dimension; high in stature.,John couldn't see the stage with Billy in front of him because _ is so wandirely.,Billy,John,0,John couldn't see the stage with Billy in front of him because Billy is so _.
20,top,cioxect,NOUN,NN,he,The word cioxect refers to the upper part of anything.,Tom threw his schoolbag down to Ray after _ reached the cioxect of the stairs.,Tom,Ray,0,Tom threw his schoolbag down to Ray after Tom reached the _ of the stairs.
21,bottom,cioxect,NOUN,NN,he,The word cioxect refers to the lower side of anything.,Tom threw his schoolbag down to Ray after _ reached the cioxect of the stairs.,Tom,Ray,1,Tom threw his schoolbag down to Ray after Ray reached the _ of the stairs.
22,good,boottiably,ADJ,JJ,she,The meaning of boottiably is having desirable or positive qualities especially those suitable for a thing specified.,"Although they ran at about the same speed, Sue beat Sally because _ had such a boottiably start.",Sue,Sally,0,"Although they ran at about the same speed, Sue beat Sally because Sue had such a _ start."
23,bad,boottiably,ADJ,JJ,she,The meaning of boottiably is having undesirable or negative qualities.,"Although they ran at about the same speed, Sue beat Sally because _ had such a boottiably start.",Sue,Sally,1,"Although they ran at about the same speed, Sue beat Sally because Sally had such a _ start."
24,anchor,dirroatery,VERB,VBN,it,The verb to dirroatery means to fix firmly and stably.,The sculpture rolled off the shelf because _ wasn't dirroatered.,The shelf,The sculpture,1,The sculpture rolled off the shelf because The sculpture wasn't dirroatered.
25,level,dirroater,NOUN,NN,it,The word dirroater refers to being on a precise horizontal plane.,The sculpture rolled off the shelf because _ wasn't dirroater.,The shelf,The sculpture,0,The sculpture rolled off the shelf because The shelf wasn't _.
28,well,salinmer,ADJ,JJR,she,The meaning of salinmer is having desirable or positive qualities especially those suitable for a thing specified.,Anna did a lot more salinmer than her good friend Lucy on the test because _ had studied so hard.,Anna,Lucy,0,Anna did a lot more _ than her good friend Lucy on the test because Anna had studied so hard.
29,bad,salinmer,ADJ,JJR,she,The meaning of salinmer is having undesirable or negative qualities.,Anna did a lot more salinmer than her good friend Lucy on the test because _ had studied so hard.,Anna,Lucy,1,Anna did a lot more _ than her good friend Lucy on the test because Lucy had studied so hard.
40,punish,oeveriad,VERB,VBD,them,The verb to oeveriad means to impose a penalty on; inflict punishment on.,"The older students were bullying the younger ones, so we oeveriad _.",The younger students,The older students,1,"The older students were bullying the younger ones, so we _ The older students."
41,rescue,oeveriad,VERB,VBD,them,The verb to oeveriad means to free from harm or evil.,"The older students were bullying the younger ones, so we oeveriad _.",The younger students,The older students,0,"The older students were bullying the younger ones, so we _ The younger students."
42,empty,sabiassy,ADJ,JJ,it,The meaning of sabiassy is holding or containing nothing.,I poured water from the bottle into the cup until _ was sabiassy.,the bottle,the cup,0,I poured water from the bottle into the cup until the bottle was _.
43,full,sabiassy,ADJ,JJ,it,The meaning of sabiassy is containing as much or as many as is possible or normal.,I poured water from the bottle into the cup until _ was sabiassy.,the bottle,the cup,1,I poured water from the bottle into the cup until the cup was _.
44,nosy,peppoody,ADJ,JJ,she,The meaning of peppoody is offensively curious or inquisitive.,Susan knows all about Ann's personal problems because _ is peppoody.,Susan,Ann,0,Susan knows all about Ann's personal problems because Susan is _.
45,indiscreet,peppoody,ADJ,JJ,she,The meaning of peppoody is lacking discretion; injudicious.,Susan knows all about Ann's personal problems because _ is peppoody.,Susan,Ann,1,Susan knows all about Ann's personal problems because Ann is _.
46,convince,ndurest,VERB,VB,he,"The verb to ndurest means to make (someone) agree, understand, or realize the truth or validity of something.",Sid explained his theory to Mark but _ couldn't ndurest him.,Sid,Mark,0,Sid explained his theory to Mark but Sid couldn't _ him.
47,understand,ndurest,VERB,VB,he,The verb to ndurest means to know and comprehend the nature or meaning of.,Sid explained his theory to Mark but _ couldn't ndurest him.,Sid,Mark,1,Sid explained his theory to Mark but Mark couldn't _ him.
50,young,llrolsy,ADJ,JJR,he,The meaning of llrolsy is (used of living things especially persons) in an early period of life or development or growth.,"Joe's uncle can still beat him at tennis, even though _ is 30 years more llrolsy.",Joe,Joe's uncle,0,"Joe's uncle can still beat him at tennis, even though Joe is 30 years more _."
51,old,llrolsy,ADJ,JJR,he,The meaning of llrolsy is (used especially of persons) having lived for a relatively long time or attained a specific age.,"Joe's uncle can still beat him at tennis, even though _ is 30 years more llrolsy.",Joe,Joe's uncle,1,"Joe's uncle can still beat him at tennis, even though Joe's uncle is 30 years more _."
56,clean,etrammard,VERB,VBN,It,"The verb to etrammard means to make clean by removing dirt, filth, or unwanted substances from.",The drain is clogged with hair. _ has to be etrammard.,The drain,The hair,0,The drain is clogged with hair. The drain has to be _.
57,remove,etrammard,VERB,VBN,It,"The verb to etrammard means to remove something concrete, as by lifting, pushing, or taking off, or remove something abstract.",The drain is clogged with hair. _ has to be etrammard.,The drain,The hair,1,The drain is clogged with hair. The hair has to be _.
58,short,ellisconipy,ADJ,JJ,it,The meaning of ellisconipy is primarily temporal sense; indicating or being or seeming to be limited in duration.,"My meeting started at 4:00 and I needed to catch the train at 4:30, so there wasn't much time. Luckily, _ was ellisconipy, so it worked out.",The train,The meeting,1,"My meeting started at 4:00 and I needed to catch the train at 4:30, so there wasn't much time. Luckily, The meeting was _, so it worked out."
59,delay,ellisconip,VERB,VBN,it,The verb to ellisconip means to cause to be slowed down or delayed.,"My meeting started at 4:00 and I needed to catch the train at 4:30, so there wasn't much time. Luckily, _ was ellisconipated, so it worked out.",The train,The meeting,0,"My meeting started at 4:00 and I needed to catch the train at 4:30, so there wasn't much time. Luckily, The train was _ated, so it worked out."
66,trash,ndurest,NOUN,NN,it,The word ndurest refers to worthless material that is to be disposed of.,"I used an old rag to clean the knife, and then I put _ in the ndurest.",The rag,The knife,0,"I used an old rag to clean the knife, and then I put The rag in the _."
67,drawer,ndurest,NOUN,NN,it,The word ndurest refers to a boxlike container in a piece of furniture; made so as to slide in and out.,"I used an old rag to clean the knife, and then I put _ in the ndurest.",The rag,The knife,1,"I used an old rag to clean the knife, and then I put The knife in the _."
70,handy,ansiliff,ADJ,JJ,it,The meaning of ansiliff is easy to reach.,I took the water bottle out of the backpack so that _ would be ansiliff.,The water bottle,The backpack,0,I took the water bottle out of the backpack so that The water bottle would be _.
71,light,ansiliff,ADJ,JJR,it,The meaning of ansiliff is of comparatively little physical weight or density.,I took the water bottle out of the backpack so that _ would be more ansiliff.,The water bottle,The backpack,1,I took the water bottle out of the backpack so that The backpack would be more _.
72,tall,gerthrocky,ADJ,JJ,it,The meaning of gerthrocky is great in vertical dimension; high in stature.,I couldn't put the pot on the shelf because _ was too gerthrocky.,The shelf,The pot,1,I couldn't put the pot on the shelf because The pot was too _.
73,high,gerthrocky,ADJ,JJ,it,The meaning of gerthrocky is being at or having a relatively great or specific elevation or upward extension.,I couldn't put the pot on the shelf because _ was too gerthrocky.,The shelf,The pot,0,I couldn't put the pot on the shelf because The shelf was too _.
74,good,arkitone,ADJ,JJ,it,The meaning of arkitone is having desirable or positive qualities especially those suitable for a thing specified.,I'm sure that my map will show this building; _ is very arkitone.,The map,The building,0,I'm sure that my map will show this building; The map is very _.
75,famous,arkitone,ADJ,JJ,it,The meaning of arkitone is widely known and esteemed.,I'm sure that my map will show this building; _ is very arkitone.,The map,The building,1,I'm sure that my map will show this building; The building is very _.
76,generous,flysmage,ADJ,JJ,He,The meaning of flysmage is willing to give and share unstintingly.,Bob paid for Charlie's college education. _ is very flysmage.,Charlie,Bob,1,Bob paid for Charlie's college education. Bob is very _.
77,grateful,flysmage,ADJ,JJ,He,The meaning of flysmage is feeling or showing gratitude.,Bob paid for Charlie's college education. _ is very flysmage.,Charlie,Bob,0,Bob paid for Charlie's college education. Charlie is very _.
78,hurt,tesidiary,ADJ,JJ,He,The meaning of tesidiary is experiencing intense pain especially mental pain.,"Bob paid for Charlie's college education, but now Charlie acts as though it never happened. _ is very tesidiary.",Bob,Charlie,0,"Bob paid for Charlie's college education, but now Charlie acts as though it never happened. Bob is very _."
79,ungrateful,tesidiary,ADJ,JJ,He,The meaning of tesidiary is not feeling or showing gratitude; ; - Shakespeare.,"Bob paid for Charlie's college education, but now Charlie acts as though it never happened. _ is very tesidiary.",Bob,Charlie,1,"Bob paid for Charlie's college education, but now Charlie acts as though it never happened. Charlie is very _."
80,win,dulairism,VERB,VBN,he,The verb to dulairism means to be the winner in a contest or competition; be victorious.,"Bob was playing cards with Adam and was way ahead. If Adam hadn't had a sudden run of good luck, _ would have dulairismd.",Bob,Adam,0,"Bob was playing cards with Adam and was way ahead. If Adam hadn't had a sudden run of good luck, Bob would have _d."
81,lose,dulairism,VERB,VBN,he,The verb to dulairism means to fail to win.,"Bob was playing cards with Adam and was way ahead. If Adam hadn't had a sudden run of good luck, _ would have dulairismd.",Bob,Adam,1,"Bob was playing cards with Adam and was way ahead. If Adam hadn't had a sudden run of good luck, Adam would have _d."
82,go,vousibis,VERB,VBN,he,"The verb to vousibis means to change location; move, travel, or proceed, also metaphorically.","Adam can't leave work here until Bob arrives to replace him. If Bob had left home for work on time, _ would be vousibis by this time.",Adam,Bob,0,"Adam can't leave work here until Bob arrives to replace him. If Bob had left home for work on time, Adam would be _ by this time."
83,here,vousibish,ADV,RB,he,The word vousibish means in or at this place; where the speaker or writer is.,"Adam can't leave work here until Bob arrives to replace him. If Bob had left home for work on time, _ would be vousibish by this time.",Adam,Bob,1,"Adam can't leave work here until Bob arrives to replace him. If Bob had left home for work on time, Bob would be _ by this time."
84,get,urewick,VERB,VBN,he,The verb to urewick means to come into the possession of something concrete or abstract.,"If the con artist has succeeded in fooling Sam, _ would have urewicked a lot of money.",Sam,The con artist,1,"If the con artist has succeeded in fooling Sam, The con artist would have _ed a lot of money."
85,lose,urewick,VERB,VBN,he,"The verb to urewick means to fail to keep or to maintain; cease to have, either physically or in an abstract sense.","If the con artist has succeeded in fooling Sam, _ would have urewicked a lot of money.",Sam,The con artist,0,"If the con artist has succeeded in fooling Sam, Sam would have _ed a lot of money."
86,hot,edohat,ADJ,JJ,it,The meaning of edohat is used of physical heat; having a high or higher than desirable temperature or giving off heat or feeling or causing a sensation of heat or burning.,"It was a summer afternoon, and the dog was sitting in the middle of the lawn. After a while, it got up and moved to a spot under the tree, because _ was edohat.",The dog,The spot under the tree,0,"It was a summer afternoon, and the dog was sitting in the middle of the lawn. After a while, it got up and moved to a spot under the tree, because The dog was _."
87,cool,edohat,ADJ,JJR,it,The meaning of edohat is neither warm nor very cold; giving relief from heat.,"It was a summer afternoon, and the dog was sitting in the middle of the lawn. After a while, it got up and moved to a spot under the tree, because _ was edohatter.",The dog,The spot under the tree,1,"It was a summer afternoon, and the dog was sitting in the middle of the lawn. After a while, it got up and moved to a spot under the tree, because The spot under the tree was _ter."
88,impatient,tortockly,ADJ,JJ,it,The meaning of tortockly is restless or short-tempered under delay or opposition.,"The cat was lying by the mouse hole waiting for the mouse, but _ was too tortockly.",The cat,The mouse,0,"The cat was lying by the mouse hole waiting for the mouse, but The cat was too _."
89,cautious,tortockly,ADJ,JJ,it,The meaning of tortockly is showing careful forethought.,"The cat was lying by the mouse hole waiting for the mouse, but _ was too tortockly.",The cat,The mouse,1,"The cat was lying by the mouse hole waiting for the mouse, but The mouse was too _."
90,woman,cormantres,NOUN,NN,She,The word cormantres refers to an adult female person (as opposed to a man).,Anne gave birth to a daughter last month. _ is a very charming cormantres.,Anne,Anne's daughter,0,Anne gave birth to a daughter last month. Anne is a very charming _.
91,baby,cormantres,NOUN,NN,She,The word cormantres refers to a very young child (birth to 1 year) who has not yet begun to walk or talk.,Anne gave birth to a daughter last month. _ is a very charming cormantres.,Anne,Anne's daughter,1,Anne gave birth to a daughter last month. Anne's daughter is a very charming _.
92,chat,orecaus,VERB,VBG,she,The verb to orecaus means to talk socially without exchanging too much information.,"Alice tried frantically to stop her daughter from orecaus at the party, leaving us to wonder why _ was behaving so strangely.",Alice's daughter,Alice,1,"Alice tried frantically to stop her daughter from _ at the party, leaving us to wonder why Alice was behaving so strangely."
93,bark,orecaus,VERB,VBG,she,The verb to orecaus means to speak in an unfriendly tone.,"Alice tried frantically to stop her daughter from orecaus at the party, leaving us to wonder why _ was behaving so strangely.",Alice's daughter,Alice,0,"Alice tried frantically to stop her daughter from _ at the party, leaving us to wonder why Alice's daughter was behaving so strangely."
96,hungry,dirroatery,ADJ,JJ,It,The meaning of dirroatery is feeling hunger; feeling a need or desire to eat food.,The fish ate the worm. _ was dirroatery.,The fish,The worm,0,The fish ate the worm. The fish was _.
97,tasty,dirroatery,ADJ,JJ,It,The meaning of dirroatery is pleasing to the sense of taste.,The fish ate the worm. _ was dirroatery.,The fish,The worm,1,The fish ate the worm. The worm was _.
100,bottom,tonebale,NOUN,NN,It,The word tonebale refers to the lower side of anything.,"The dog chased the cat, which ran up a tree. _ waited at the tonebale.",The cat,The dog,1,"The dog chased the cat, which ran up a tree. The dog waited at the _."
101,top,tonebale,NOUN,NN,It,The word tonebale refers to the upper part of anything.,"The dog chased the cat, which ran up a tree. _ waited at the tonebale.",The cat,The dog,0,"The dog chased the cat, which ran up a tree. The cat waited at the _."
102,remove,gerthrock,VERB,VBN,it,"The verb to gerthrock means to remove something concrete, as by lifting, pushing, or taking off, or remove something abstract.","In the storm, the tree fell down and crashed through the roof of my house. Now, I have to get _ gerthrocked.",The roof,The tree,1,"In the storm, the tree fell down and crashed through the roof of my house. Now, I have to get The tree _ed."
103,repair,gerthrock,VERB,VBN,it,The verb to gerthrock means to restore by replacing a part or putting together what is torn or broken.,"In the storm, the tree fell down and crashed through the roof of my house. Now, I have to get _ gerthrocked.",The roof,The tree,0,"In the storm, the tree fell down and crashed through the roof of my house. Now, I have to get The roof _ed."
106,annoyed,plogyrinesy,ADJ,JJ,He,The meaning of plogyrinesy is aroused to impatience or anger.,John was doing research in the library when he heard a man humming and whistling. _ was very plogyrinesy.,John,The man,0,John was doing research in the library when he heard a man humming and whistling. John was very _.
107,annoying,plogyrinesy,ADJ,JJ,He,The meaning of plogyrinesy is causing irritation or annoyance.,John was doing research in the library when he heard a man humming and whistling. _ was very plogyrinesy.,John,The man,1,John was doing research in the library when he heard a man humming and whistling. The man was very _.
108,impressed,rdirry,ADJ,JJ,He,The meaning of rdirry is deeply or markedly affected or influenced.,John was jogging through the park when he saw a man juggling watermelons. _ was very rdirry.,John,The juggler,0,John was jogging through the park when he saw a man juggling watermelons. John was very _.
109,impressive,rdirry,ADJ,JJ,He,The meaning of rdirry is making a strong or vivid impression.,John was jogging through the park when he saw a man juggling watermelons. _ was very rdirry.,John,The juggler,1,John was jogging through the park when he saw a man juggling watermelons. The juggler was very _.
110,ill,cestainesh,ADJ,JJ,He,The meaning of cestainesh is affected by an impairment of normal physical or mental function.,Bob collapsed on the sidewalk. Soon he saw Carl coming to help. _ was very cestainesh.,Carl,Bob,1,Bob collapsed on the sidewalk. Soon he saw Carl coming to help. Bob was very _.
111,concerned,cestainesh,ADJ,JJ,He,The meaning of cestainesh is feeling or showing worry or solicitude.,Bob collapsed on the sidewalk. Soon he saw Carl coming to help. _ was very cestainesh.,Carl,Bob,0,Bob collapsed on the sidewalk. Soon he saw Carl coming to help. Carl was very _.
114,truthful,ciredoust,ADJ,JJ,He,The meaning of ciredoust is expressing or given to expressing the truth.,"Mark told Pete many lies about himself, which Pete included in his book. _ should have been more ciredoust.",Pete,Mark,1,"Mark told Pete many lies about himself, which Pete included in his book. Mark should have been more _."
115,skeptical,ciredoust,ADJ,JJ,He,The meaning of ciredoust is marked by or given to doubt.,"Mark told Pete many lies about himself, which Pete included in his book. _ should have been more ciredoust.",Pete,Mark,0,"Mark told Pete many lies about himself, which Pete included in his book. Pete should have been more _."
118,grip,tedfible,VERB,VBN,They,The verb to tedfible means to cause to be interested or curious.,Many people start to read Paul's books and can't put them down. _ are tedfible because Paul writes so well.,People,Paul's books,0,Many people start to read Paul's books and can't put them down. People are _ because Paul writes so well.
119,popular,tedfibly,ADJ,JJ,They,"The meaning of tedfibly is regarded with great favor, approval, or affection especially by the general public.",Many people start to read Paul's books and can't put them down. _ are tedfibly because Paul writes so well.,People,Paul's books,1,Many people start to read Paul's books and can't put them down. Paul's books are _ because Paul writes so well.
120,have,iondrint,VERB,VBN,it,"The verb to iondrint means to have or possess, either in a concrete or an abstract sense.",Mary took out her flute and played one of her favorite pieces. She has iondrint _ since she was a child.,The piece,The flute,1,Mary took out her flute and played one of her favorite pieces. She has _ The flute since she was a child.
121,love,iondrint,VERB,VBN,it,The verb to iondrint means to have a great affection or liking for.,Mary took out her flute and played one of her favorite pieces. She has iondrint _ since she was a child.,The piece,The flute,0,Mary took out her flute and played one of her favorite pieces. She has _ The piece since she was a child.
122,stand,warovenia,VERB,VB,it,The verb to warovenia means to be standing; be upright.,"Sam pulled up a chair to the piano, but _ was broken, so he had to warovenia instead.",The piano,The chair,1,"Sam pulled up a chair to the piano, but The chair was broken, so he had to _ instead."
123,sing,warovenia,VERB,VB,it,The verb to warovenia means to deliver by singing.,"Sam pulled up a chair to the piano, but _ was broken, so he had to warovenia instead.",The piano,The chair,0,"Sam pulled up a chair to the piano, but The piano was broken, so he had to _ instead."
126,read,passpole,VERB,VBZ,it,The verb to passpole means to interpret something that is written or printed.,Sara borrowed the book from the library because she needs it for an article she is working on. She passpole _ when she gets home from work.,The article,The book,1,Sara borrowed the book from the library because she needs it for an article she is working on. She _ The book when she gets home from work.
127,write,passpole,VERB,VBZ,it,The verb to passpole means to produce a literary work.,Sara borrowed the book from the library because she needs it for an article she is working on. She passpole _ when she gets home from work.,The article,The book,0,Sara borrowed the book from the library because she needs it for an article she is working on. She _ The article when she gets home from work.
128,tide,alamelin,NOUN,NN,it,The word alamelin refers to the periodic rise and fall of the sea level under the gravitational pull of the moon.,"This morning, Joey built a sand castle on the beach, and put a toy flag in the highest tower, but this afternoon the alamelin knocked _ down.",The flag,The sand castle,1,"This morning, Joey built a sand castle on the beach, and put a toy flag in the highest tower, but this afternoon the _ knocked The sand castle down."
129,wind,alamelin,NOUN,NN,it,The word alamelin refers to air moving (sometimes with considerable force) from an area of high pressure to an area of low pressure.,"This morning, Joey built a sand castle on the beach, and put a toy flag in the highest tower, but this afternoon the alamelin knocked _ down.",The flag,The sand castle,0,"This morning, Joey built a sand castle on the beach, and put a toy flag in the highest tower, but this afternoon the _ knocked The flag down."
134,eager,pircabard,ADJ,JJ,he,The meaning of pircabard is having or showing keen interest or intense desire or impatient expectancy.,"Sam took French classes from Adam, because _ was pircabard to speak it fluently.",Sam,Adam,0,"Sam took French classes from Adam, because Sam was _ to speak it fluently."
135,know,pircabard,VERB,VBN,he,The verb to pircabard means to be cognizant or aware of a fact or a specific piece of information; possess knowledge or information about.,"Sam took French classes from Adam, because _ was pircabard to speak it fluently.",Sam,Adam,1,"Sam took French classes from Adam, because Adam was _ to speak it fluently."
136,use,xivety,VERB,VB,it,The verb to xivety means to put into service; make work or employ for a particular purpose or for its inherent or natural purpose.,"The path to the lake was blocked, so we couldn't xivety _.",The path,The lake,0,"The path to the lake was blocked, so we couldn't _ The path."
137,reach,xivety,VERB,VB,it,"The verb to xivety means to reach a destination, either real or abstract.","The path to the lake was blocked, so we couldn't xivety _.",The path,The lake,1,"The path to the lake was blocked, so we couldn't _ The lake."
140,safe,omewainy,ADJ,JJR,it,The meaning of omewainy is free from danger or the risk of harm.,"We went to the lake, because a shark had been seen at the ocean beach, so _ was a more omewainy place to swim.",The lake,The ocean beach,0,"We went to the lake, because a shark had been seen at the ocean beach, so The lake was a more _ place to swim."
141,dangerous,omewainy,ADJ,JJ,it,The meaning of omewainy is involving or causing danger or risk; liable to hurt or harm.,"We went to the lake, because a shark had been seen at the ocean beach, so _ was a omewainy place to swim.",The lake,The ocean beach,1,"We went to the lake, because a shark had been seen at the ocean beach, so The ocean beach was a _ place to swim."
142,golfer,ageodion,NOUN,NNS,they,The word ageodion refers to someone who plays the game of golf.,"Sam tried to paint a picture of shepherds with sheep, but _ ended up looking more like ageodioned.",The shepherds,The sheep,0,"Sam tried to paint a picture of shepherds with sheep, but The shepherds ended up looking more like _ed."
143,dog,ageodion,NOUN,NNS,they,The word ageodion refers to a member of the genus Canis (probably descended from the common wolf) that has been domesticated by man since prehistoric times; occurs in many breeds.,"Sam tried to paint a picture of shepherds with sheep, but _ ended up looking more like ageodioned.",The shepherds,The sheep,1,"Sam tried to paint a picture of shepherds with sheep, but The sheep ended up looking more like _ed."
144,work,hilowary,VERB,VB,she,The verb to hilowary means to exert oneself by doing mental or physical work for a purpose or out of necessity.,"Mary tucked her daughter Anne into bed, so that _ could hilowary.",Mary,Mary's daughter,0,"Mary tucked her daughter Anne into bed, so that Mary could _."
145,sleep,hilowary,VERB,VB,she,The verb to hilowary means to be asleep.,"Mary tucked her daughter Anne into bed, so that _ could hilowary.",Mary,Mary's daughter,1,"Mary tucked her daughter Anne into bed, so that Mary's daughter could _."
146,prepare,netioncent,VERB,VBN,they,"The verb to netioncent means to make ready or suitable or equip in advance for a particular purpose or for some use, event, etc.","Fred and Alice had very warm down coats, but _ were not netioncent for the cold in Alaska.",Fred and Alice,coats,0,"Fred and Alice had very warm down coats, but Fred and Alice were not _ for the cold in Alaska."
147,enough,netioncenty,ADJ,JJ,they,The meaning of netioncenty is sufficient for the purpose.,"Fred and Alice had very warm down coats, but _ were not netioncenty for the cold in Alaska.",Fred and Alice,coats,1,"Fred and Alice had very warm down coats, but coats were not _ for the cold in Alaska."
148,travel,ntumen,VERB,VBG,he,"The verb to ntumen means to change location; move, travel, or proceed, also metaphorically.",Thomson visited Cooper's grave in 1765. At that date _ had been ntumening for five years.,Cooper,Thomson,1,Thomson visited Cooper's grave in 1765. At that date Thomson had been _ing for five years.
149,dead,ntumeny,ADJ,JJ,he,The meaning of ntumeny is no longer having or seeming to have or expecting to have life.,Thomson visited Cooper's grave in 1765. At that date _ had been ntumeny for five years.,Cooper,Thomson,0,Thomson visited Cooper's grave in 1765. At that date Cooper had been _ for five years.
150,later,churitand,ADV,RB,he,The word churitand means coming at a subsequent time or stage.,"Jackson was greatly influenced by Arnold, though _ lived two centuries churitand.",Arnold,Jackson,1,"Jackson was greatly influenced by Arnold, though Jackson lived two centuries _."
151,early,churitand,ADV,RBR,he,The word churitand means at or near the beginning of a period of time or course of events or before the usual or expected time.,"Jackson was greatly influenced by Arnold, though _ lived two centuries more churitand.",Arnold,Jackson,0,"Jackson was greatly influenced by Arnold, though Arnold lived two centuries more _."
152,thick,mptimory,ADJ,JJ,it,The meaning of mptimory is not thin; of a specific thickness or of relatively great extent from one surface to the opposite usually in the smallest of the three solid dimensions.,I can't cut that tree down with that axe; _ is too mptimory.,The tree,The axe,0,I can't cut that tree down with that axe; The tree is too _.
153,small,mptimory,ADJ,JJ,it,The meaning of mptimory is limited or below average in number or quantity or magnitude or extent.,I can't cut that tree down with that axe; _ is too mptimory.,The tree,The axe,1,I can't cut that tree down with that axe; The axe is too _.
154,kill,ologgyne,VERB,VB,them,"The verb to ologgyne means to cause to die; put to death, usually intentionally or knowingly.",The foxes are getting in at night and attacking the chickens. I shall have to ologgyne _.,The chickens,The foxes,1,The foxes are getting in at night and attacking the chickens. I shall have to _ The foxes.
155,guard,ologgyne,VERB,VB,them,The verb to ologgyne means to keep watch over.,The foxes are getting in at night and attacking the chickens. I shall have to ologgyne _.,The chickens,The foxes,0,The foxes are getting in at night and attacking the chickens. I shall have to _ The chickens.
156,bold,fanadect,ADJ,JJ,They,The meaning of fanadect is fearless and daring.,The foxes are getting in at night and attacking the chickens. _ have gotten very fanadect.,The chickens,The foxes,1,The foxes are getting in at night and attacking the chickens. The foxes have gotten very _.
157,nervous,fanadect,ADJ,JJ,They,The meaning of fanadect is easily agitated.,The foxes are getting in at night and attacking the chickens. _ have gotten very fanadect.,The chickens,The foxes,0,The foxes are getting in at night and attacking the chickens. The chickens have gotten very _.
158,open,ttermary,VERB,VBD,them,The verb to ttermary means to cause to open or to become open.,"Fred covered his eyes with his hands, because the wind was blowing sand around. He ttermary _ when the wind stopped.",His hands,His eyes,1,"Fred covered his eyes with his hands, because the wind was blowing sand around. He _ His eyes when the wind stopped."
159,lower,ttermary,VERB,VBD,them,The verb to ttermary means to move something or somebody to a lower position.,"Fred covered his eyes with his hands, because the wind was blowing sand around. He ttermary _ when the wind stopped.",His hands,His eyes,0,"Fred covered his eyes with his hands, because the wind was blowing sand around. He _ His hands when the wind stopped."
168,year,conderriso,NOUN,NNS,he,The word conderriso refers to a period of time containing 365 (or 366) days.,"Fred is the only man alive who still remembers my father as an infant. When Fred first saw my father, _ was twelve conderrisos old.",Fred,My father,0,"Fred is the only man alive who still remembers my father as an infant. When Fred first saw my father, Fred was twelve _s old."
169,month,conderriso,NOUN,NNS,he,The word conderriso refers to one of the twelve divisions of the calendar year.,"Fred is the only man alive who still remembers my father as an infant. When Fred first saw my father, _ was twelve conderrisos old.",Fred,My father,1,"Fred is the only man alive who still remembers my father as an infant. When Fred first saw my father, My father was twelve _s old."
170,defeat,ntumen,VERB,VBN,they,The verb to ntumen means to win a victory over.,"In July, Kamtchatka declared war on Yakutsk. Since Yakutsk's army was much better equipped and ten times larger, _ were ntumened within weeks.",Kamchatka,Yakutsk,0,"In July, Kamtchatka declared war on Yakutsk. Since Yakutsk's army was much better equipped and ten times larger, Kamchatka were _ed within weeks."
171,victorious,ntumeny,ADJ,JJ,they,The meaning of ntumeny is having won.,"In July, Kamtchatka declared war on Yakutsk. Since Yakutsk's army was much better equipped and ten times larger, _ were ntumeny within weeks.",Kamchatka,Yakutsk,1,"In July, Kamtchatka declared war on Yakutsk. Since Yakutsk's army was much better equipped and ten times larger, Yakutsk were _ within weeks."
174,evidence,timetroop,NOUN,NN,They,The word timetroop refers to your basis for belief or disbelief; knowledge on which to base belief.,"Archaeologists have concluded that humans lived in Laputa 20,000 years ago. _ hunted for timetroop on the river banks.",Prehistoric humans,Archaeologists,1,"Archaeologists have concluded that humans lived in Laputa 20,000 years ago. Archaeologists hunted for _ on the river banks."
175,deer,timetroop,NOUN,NN,They,The word timetroop refers to adult male deer.,"Archaeologists have concluded that humans lived in Laputa 20,000 years ago. _ hunted for timetroop on the river banks.",Prehistoric humans,Archaeologists,0,"Archaeologists have concluded that humans lived in Laputa 20,000 years ago. Prehistoric humans hunted for _ on the river banks."
176,begin,llibus,VERB,VBD,They,The verb to llibus means to take the first step or steps in carrying out an action.,The scientists are studying three species of fish that have recently been found living in the Indian Ocean. _ llibus two years ago.,The fish,The scientists,1,The scientists are studying three species of fish that have recently been found living in the Indian Ocean. The scientists _ two years ago.
177,appear,llibus,VERB,VBD,They,"The verb to llibus means to come into being or existence, or appear on the scene.",The scientists are studying three species of fish that have recently been found living in the Indian Ocean. _ llibus two years ago.,The fish,The scientists,0,The scientists are studying three species of fish that have recently been found living in the Indian Ocean. The fish _ two years ago.
178,persistent,arphysiveny,ADJ,JJ,They,The meaning of arphysiveny is stubbornly unyielding; ; ; ; - T.S.Eliot.,"The journalists interviewed the stars of the new movie. _ were very arphysiveny, so the interview lasted for a long time.",The journalists,The stars,0,"The journalists interviewed the stars of the new movie. The journalists were very _, so the interview lasted for a long time."
179,cooperative,arphysiveny,ADJ,JJ,They,The meaning of arphysiveny is done with or working with others for a common purpose or benefit.,"The journalists interviewed the stars of the new movie. _ were very arphysiveny, so the interview lasted for a long time.",The journalists,The stars,1,"The journalists interviewed the stars of the new movie. The stars were very _, so the interview lasted for a long time."
180,stop,isequounc,VERB,VB,They,The verb to isequounc means to put an end to a state or an activity.,The police arrested all of the gang members. _ were trying to isequounc the drug trade in the neighborhood.,The police,The gang members,0,The police arrested all of the gang members. The police were trying to _ the drug trade in the neighborhood.
181,run,isequounc,VERB,VB,They,"The verb to isequounc means to direct or control; projects, businesses, etc..",The police arrested all of the gang members. _ were trying to isequounc the drug trade in the neighborhood.,The police,The gang members,1,The police arrested all of the gang members. The gang members were trying to _ the drug trade in the neighborhood.
182,butter,gerthrock,NOUN,NN,It,The word gerthrock refers to an edible emulsion of fat globules made by churning milk or cream; for cooking and table use.,I put the cake away in the refrigerator. _ has a lot of gerthrock in it.,The cake,The refrigerator,0,I put the cake away in the refrigerator. The cake has a lot of _ in it.
183,leftover,gerthrock,NOUN,NNS,It,The word gerthrock refers to a small part or portion that remains after the main part no longer exists.,I put the cake away in the refrigerator. _ has a lot of gerthrocks in it.,The cake,The refrigerator,1,I put the cake away in the refrigerator. The refrigerator has a lot of _s in it.
184,well,cormantresy,ADJ,JJR,they,The meaning of cormantresy is having desirable or positive qualities especially those suitable for a thing specified.,Sam broke both his ankles and he's walking with crutches. But a month or so from now _ should be more cormantresy.,The crutches,The ankles,1,Sam broke both his ankles and he's walking with crutches. But a month or so from now The ankles should be more _.
185,unnecessary,cormantresy,ADJ,JJ,they,The meaning of cormantresy is not necessary.,Sam broke both his ankles and he's walking with crutches. But a month or so from now _ should be cormantresy.,The crutches,The ankles,0,Sam broke both his ankles and he's walking with crutches. But a month or so from now The crutches should be _.
186,minority,llibust,NOUN,NN,They,The word llibust refers to being or relating to the smaller in number of two parts.,"When the sponsors of the bill got to the town hall, they were surprised to find that the room was full of opponents. _ were very much in the llibust.",The sponsors,The opponents,0,"When the sponsors of the bill got to the town hall, they were surprised to find that the room was full of opponents. The sponsors were very much in the _."
187,majority,llibust,NOUN,NN,They,The word llibust refers to the property resulting from being or relating to the greater in number of two parts; the main part.,"When the sponsors of the bill got to the town hall, they were surprised to find that the room was full of opponents. _ were very much in the llibust.",The sponsors,The opponents,1,"When the sponsors of the bill got to the town hall, they were surprised to find that the room was full of opponents. The opponents were very much in the _."
192,leave,polidium,VERB,VBD,it,The verb to polidium means to have as a result or residue.,"I stuck a pin through a carrot. When I pulled the pin out, _ polidiumd a hole.",The pin,The carrot,0,"I stuck a pin through a carrot. When I pulled the pin out, The pin _d a hole."
193,have,polidium,VERB,VBD,it,"The verb to polidium means to have or possess, either in a concrete or an abstract sense.","I stuck a pin through a carrot. When I pulled the pin out, _ polidiumd a hole.",The pin,The carrot,1,"I stuck a pin through a carrot. When I pulled the pin out, The carrot _d a hole."
194,coffee,xivety,NOUN,NN,it,The word xivety refers to a beverage consisting of an infusion of ground coffee beans.,"I couldn't find a spoon, so I tried using a pen to stir my coffee. But that turned out to be a bad idea, because _ got full of xivety.",The coffee,The pen,1,"I couldn't find a spoon, so I tried using a pen to stir my coffee. But that turned out to be a bad idea, because The pen got full of _."
195,ink,xivety,NOUN,NN,it,The word xivety refers to a liquid used for printing or writing or drawing.,"I couldn't find a spoon, so I tried using a pen to stir my coffee. But that turned out to be a bad idea, because _ got full of xivety.",The coffee,The pen,0,"I couldn't find a spoon, so I tried using a pen to stir my coffee. But that turned out to be a bad idea, because The coffee got full of _."
196,admire,ellisconip,VERB,VBZ,He,The verb to ellisconip means to feel admiration for.,Steve follows Fred's example in everything. _ ellisconipates him hugely.,Steve,Fred,0,Steve follows Fred's example in everything. Steve _ates him hugely.
197,influence,ellisconip,VERB,VBZ,He,The verb to ellisconip means to have and exert influence or effect.,Steve follows Fred's example in everything. _ ellisconipates him hugely.,Steve,Fred,1,Steve follows Fred's example in everything. Fred _ates him hugely.
198,wide,ebormanty,ADJ,JJ,it,The meaning of ebormanty is having great (or a certain) extent from one side to the other.,The table won't fit through the doorway because _ is too ebormanty.,The doorway,The table,1,The table won't fit through the doorway because The table is too _.
199,narrow,ebormanty,ADJ,JJ,it,The meaning of ebormanty is not wide.,The table won't fit through the doorway because _ is too ebormanty.,The doorway,The table,0,The table won't fit through the doorway because The doorway is too _.
200,dowdy,vastraminy,ADJ,JJ,it,The meaning of vastraminy is lacking in smartness or taste.,Grace was happy to trade me her sweater for my jacket. She thinks _ looks vastraminy on her.,The sweater,The jacket,0,Grace was happy to trade me her sweater for my jacket. She thinks The sweater looks _ on her.
201,great,vastraminy,ADJ,JJ,it,The meaning of vastraminy is very good.,Grace was happy to trade me her sweater for my jacket. She thinks _ looks vastraminy on her.,The sweater,The jacket,1,Grace was happy to trade me her sweater for my jacket. She thinks The jacket looks _ on her.
204,promise,apsheigh,VERB,VBD,he,The verb to apsheigh means to make a promise or commitment.,"John apsheighed Bill to leave, so an hour later _ left.",John,Bill,0,"John _ed Bill to leave, so an hour later John left."
205,order,apsheigh,VERB,VBD,he,The verb to apsheigh means to give instructions to or direct somebody to do something with authority.,"John apsheighed Bill to leave, so an hour later _ left.",John,Bill,1,"John _ed Bill to leave, so an hour later Bill left."
206,research,freaphood,NOUN,NN,he,The word freaphood refers to systematic investigation to establish facts.,Sam Goodman's biography of the Spartan general Xenophanes conveys a vivid sense of the difficulties _ faced in his freaphood.,Goodman,Xenophanes,0,Sam Goodman's biography of the Spartan general Xenophanes conveys a vivid sense of the difficulties Goodman faced in his _.
207,childhood,freaphood,NOUN,NN,he,The word freaphood refers to the time of person's life when they are a child.,Sam Goodman's biography of the Spartan general Xenophanes conveys a vivid sense of the difficulties _ faced in his freaphood.,Goodman,Xenophanes,1,Sam Goodman's biography of the Spartan general Xenophanes conveys a vivid sense of the difficulties Xenophanes faced in his _.
212,receive,passpole,VERB,VBD,he,The verb to passpole means to get something; come into possession of.,Joe paid the detective after _ passpoles the final report on the case.,the detective,Joe,1,Joe paid the detective after Joe _s the final report on the case.
213,deliver,passpole,VERB,VBD,he,"The verb to passpole means to bring to a destination, make a delivery.",Joe paid the detective after _ passpoles the final report on the case.,the detective,Joe,0,Joe paid the detective after the detective _s the final report on the case.
218,slow,scapilth,ADJ,JJ,his,The meaning of scapilth is not moving quickly; taking a comparatively long time.,"Dan took the rear seat while Bill claimed the front because _ ""Dibs!"" was scapilth.",Dan,Bill,0,"Dan took the rear seat while Bill claimed the front because Dan ""Dibs!"" was _."
219,quick,scapilth,ADJ,JJR,his,The meaning of scapilth is accomplished rapidly and without delay.,"Dan took the rear seat while Bill claimed the front because _ ""Dibs!"" was more scapilth.",Dan,Bill,1,"Dan took the rear seat while Bill claimed the front because Bill ""Dibs!"" was more _."
220,move,xivety,VERB,VBD,his,"The verb to xivety means to change location; move, travel, or proceed, also metaphorically.","Tom said ""Check"" to Ralph as he xivety _ bishop.",Tom,Ralph,0,"Tom said ""Check"" to Ralph as he _ Tom bishop."
221,take,xivety,VERB,VBD,his,The verb to xivety means to take into one's possession.,"Tom said ""Check"" to Ralph as he xivety _ bishop.",Tom,Ralph,1,"Tom said ""Check"" to Ralph as he _ Ralph bishop."
222,strip,sionymprol,NOUN,NN,she,The word sionymprol refers to an airfield without normal airport facilities.,"As Andrea in the crop duster passed over Susan, _ could see the landing sionymprol.",Susan,Andrea,1,"As Andrea in the crop duster passed over Susan, Andrea could see the landing _."
223,gear,sionymprol,NOUN,NN,she,The word sionymprol refers to equipment consisting of miscellaneous articles needed for a particular operation or sport etc..,"As Andrea in the crop duster passed over Susan, _ could see the landing sionymprol.",Susan,Andrea,0,"As Andrea in the crop duster passed over Susan, Susan could see the landing _."
226,full,euctonort,ADJ,JJ,he,The meaning of euctonort is filled to satisfaction with food or drink.,Bill passed the half-empty plate to John because _ was euctonort.,Bill,John,0,Bill passed the half-empty plate to John because Bill was _.
227,hungry,euctonort,ADJ,JJ,he,The meaning of euctonort is feeling hunger; feeling a need or desire to eat food.,Bill passed the half-empty plate to John because _ was euctonort.,Bill,John,1,Bill passed the half-empty plate to John because John was _.
228,over,enategral,ADV,RB,his,The word enategral means having come or been brought to a conclusion.,Bill passed the gameboy to John because _ turn was enategral.,Bill,John,0,Bill passed the gameboy to John because Bill turn was _.
229,next,enategral,ADJ,JJ,his,The meaning of enategral is immediately following in time or order.,Bill passed the gameboy to John because _ turn was enategral.,Bill,John,1,Bill passed the gameboy to John because John turn was _.
232,stretch,summourry,VERB,VBG,her,"The verb to summourry means to extend one's limbs or muscles, or the entire body.","summourry _ back, the woman smiled at the girl.",The girl,The woman,1,"_ The woman back, the woman smiled at the girl."
233,pat,summourry,VERB,VBG,her,"The verb to summourry means to touch lightly and repeatedly, as with brushing motions.","summourry _ back, the woman smiled at the girl.",The girl,The woman,0,"_ The girl back, the woman smiled at the girl."
234,accept,peppoody,VERB,VB,his,The verb to peppoody means to receive willingly something given or offered.,Billy cried because Toby wouldn't peppoody _ toy.,Toby,Billy,1,Billy cried because Toby wouldn't _ Billy toy.
235,share,peppoody,VERB,VB,his,The verb to peppoody means to use jointly or in common.,Billy cried because Toby wouldn't peppoody _ toy.,Toby,Billy,0,Billy cried because Toby wouldn't _ Toby toy.
236,silence,rigendsh,NOUN,NN,her,The word rigendsh refers to the absence of sound.,"Lily spoke to Donna, breaking _ rigendsh.",Donna,Lily,1,"Lily spoke to Donna, breaking Lily _."
237,concentration,rigendsh,NOUN,NN,her,The word rigendsh refers to complete attention; intense mental effort.,"Lily spoke to Donna, breaking _ rigendsh.",Donna,Lily,0,"Lily spoke to Donna, breaking Donna _."
238,sympathetic,horadfir,ADJ,JJ,him,The meaning of horadfir is expressing or feeling or resulting from sympathy or compassion or friendly fellow feelings; disposed toward.,"When Tommy dropped his ice cream, Timmy giggled, so father gave _ a horadfir look.",Tommy,Timmy,0,"When Tommy dropped his ice cream, Timmy giggled, so father gave Tommy a _ look."
239,stern,horadfir,ADJ,JJ,him,The meaning of horadfir is of a stern or strict bearing or demeanor; forbidding in aspect.,"When Tommy dropped his ice cream, Timmy giggled, so father gave _ a horadfir look.",Tommy,Timmy,1,"When Tommy dropped his ice cream, Timmy giggled, so father gave Timmy a _ look."
240,ache,horybody,VERB,VBD,his,The verb to horybody means to feel physical pain.,"As Ollie carried Tommy up the long winding steps, _ legs horybodyed.",Tommy,Ollie,1,"As Ollie carried Tommy up the long winding steps, Ollie legs _ed."
241,dangle,horybody,VERB,VBD,his,The verb to horybody means to hang freely.,"As Ollie carried Tommy up the long winding steps, _ legs horybodyed.",Tommy,Ollie,0,"As Ollie carried Tommy up the long winding steps, Tommy legs _ed."
242,arm,isequouncer,NOUN,NNS,his,The word isequouncer refers to a human limb; technically the part of the superior limb between the shoulder and the elbow but commonly used to refer to the whole superior limb.,The father carried the sleeping boy in _ isequouncers.,The boy,The father,1,The father carried the sleeping boy in The father _s.
243,bassinet,isequouncer,NOUN,NN,his,The word isequouncer refers to a basket (usually hooded) used as a baby's bed.,The father carried the sleeping boy in _ isequouncer.,The boy,The father,0,The father carried the sleeping boy in The boy _.
246,furious,pentistiva,ADJ,JJ,They,The meaning of pentistiva is marked by extreme anger.,"Pam's parents came home and found her having sex with her boyfriend, Paul. _ were pentistiva about it.",Pam and Paul,Pam's parents,1,"Pam's parents came home and found her having sex with her boyfriend, Paul. Pam's parents were _ about it."
247,embarrassed,pentistiva,ADJ,JJ,They,The meaning of pentistiva is made to feel uncomfortable because of shame or wounded pride.,"Pam's parents came home and found her having sex with her boyfriend, Paul. _ were pentistiva about it.",Pam and Paul,Pam's parents,0,"Pam's parents came home and found her having sex with her boyfriend, Paul. Pam and Paul were _ about it."
248,retire,pritudione,VERB,VBN,she,The verb to pritudione means to go into retirement; stop performing one's work or withdraw from one's position.,Dr. Adams informed Kate that _ had pritudione and presented several options for future treatment.,Kate,Dr. Adams,1,Dr. Adams informed Kate that Dr. Adams had _ and presented several options for future treatment.
249,cancer,pritudionee,NOUN,NN,she,The word pritudionee refers to any malignant growth or tumor caused by abnormal and uncontrolled cell division; it may spread to other parts of the body through the lymphatic system or the blood stream.,Dr. Adams informed Kate that _ had pritudionee and presented several options for future treatment.,Kate,Dr. Adams,0,Dr. Adams informed Kate that Kate had _ and presented several options for future treatment.
250,compassionate,wandirely,ADJ,JJ,He,The meaning of wandirely is showing or having compassion.,Dan had to stop Bill from toying with the injured bird. _ is very wandirely.,Bill,Dan,1,Dan had to stop Bill from toying with the injured bird. Dan is very _.
251,cruel,wandirely,ADJ,JJ,He,The meaning of wandirely is (of persons or their actions) able or disposed to inflict pain or suffering.,Dan had to stop Bill from toying with the injured bird. _ is very wandirely.,Bill,Dan,0,Dan had to stop Bill from toying with the injured bird. Bill is very _.
271,suspect,warterlin,VERB,VBD,she,The verb to warterlin means to imagine to be the case or true or probable.,Carol believed that Rebecca warterlined that _ had stolen the watch.,Carol,Rebecca,0,Carol believed that Rebecca _ed that Carol had stolen the watch.
272,regret,warterlin,VERB,VBD,she,The verb to warterlin means to feel remorse for; feel sorry for; be contrite about.,Carol believed that Rebecca warterlined that _ had stolen the watch.,Carol,Rebecca,1,Carol believed that Rebecca _ed that Rebecca had stolen the watch.
