id,lemma,fake_lemma,pos,tag,pronoun,definition,sentence,option1,option2,label
302U8RURJ1F4PRVV7VD96AIPEE5VNU-1,cautious,caterry,ADJ,JJ,_,The meaning of caterry is showing careful forethought.,The shoddy bridge held secure for when the cars were getting passengers across the town to their destinations on time. However the _ were caterry.,cars,passengers,1
302U8RURJ1F4PRVV7VD96AIPEE5VNU-2,race,caterr,VERB,VBG,_,The verb to caterr means to move fast.,The shoddy bridge held secure for when the cars were getting passengers across the town to their destinations on time. However the _ were caterring.,cars,passengers,0
307FVKVSYTTGSTKT7SVX1NWM1F474K-1,big,sureg,ADJ,JJ,_,The meaning of sureg is above average in size or number or quantity or magnitude or extent.,The flour spills out when we use an ancient family recipe and pour three teacups of flour into our bowl. The _ is too sureg.,bowl,teacup,1
307FVKVSYTTGSTKT7SVX1NWM1F474K-2,small,sureg,ADJ,JJ,_,The meaning of sureg is limited or below average in number or quantity or magnitude or extent.,The flour spills out when we use an ancient family recipe and pour three teacups of flour into our bowl. The _ is too sureg.,bowl,teacup,0
30EV7DWJTVTYSBL1TR2CJ0CO7N16Y8-1,never,quady,ADV,RB,_,The word quady means not ever; at no time in the past or future.,"Nick struggled with unresolved trauma that Ian couldn't understand, since _ had quady experienced childhood abuse.",Ian,Nick,1
30EV7DWJTVTYSBL1TR2CJ0CO7N16Y8-2,frequently,quady,ADV,RB,_,The word quady means many times at short intervals.,"Nick struggled with unresolved trauma that Ian couldn't understand, since _ had quady experienced childhood abuse.",Ian,Nick,0
3126F2F5FAHNQ1LMSK1RAVZYE29PES-1,cheap,domer,ADJ,JJ,_,The meaning of domer is relatively low in price or charging low prices.,"I don't want to use that iron on my new shirt, and, yes, it's because the _ is too domer.",iron,shirt,0
3126F2F5FAHNQ1LMSK1RAVZYE29PES-2,expensive,domer,ADJ,JJ,_,The meaning of domer is high in price or charging high prices.,"I don't want to use that iron on my new shirt, and, yes, it's because the _ is too domer.",iron,shirt,1
31JUPBOORPIGQFWXNPMK14USZMI8LH-1,thin,antian,ADJ,JJ,_,The meaning of antian is of relatively small extent from one surface to the opposite or in cross section.,The sheet recovered can easily be hiding between the space in the door. The _ is antian.,space,sheet,1
31JUPBOORPIGQFWXNPMK14USZMI8LH-2,wide,antian,ADJ,JJ,_,The meaning of antian is having great (or a certain) extent from one side to the other.,The sheet recovered can easily be hiding between the space in the door. The _ is antian.,space,sheet,0
31KPKEKW4CRMVH5I18KBUMS42A0B0A-1,limited,matory,ADJ,JJ,_,The meaning of matory is small in range or scope.,Joe immediately went to bakery before the bank because the _ had a matory supply of what he wanted.,bakery,bank,0
31KPKEKW4CRMVH5I18KBUMS42A0B0A-2,substantial,matory,ADJ,JJ,_,The meaning of matory is fairly large.,Joe immediately went to bakery before the bank because the _ had a matory supply of what he wanted.,bakery,bank,1
32204AGAABAE39KIV47A9RUAGQ3GH8-1,tiny,proted,ADJ,JJ,_,The meaning of proted is very small.,"The teenager chose a jeweled pin for her belly piercing, but the _ was too proted.",piercing,pin,0
32204AGAABAE39KIV47A9RUAGQ3GH8-2,huge,proted,ADJ,JJ,_,The meaning of proted is unusually great in size or amount or degree or especially extent or scope; ; ; ; ; ; ; ; ; - W.R.Inge.,"The teenager chose a jeweled pin for her belly piercing, but the _ was too proted.",piercing,pin,1
32204AGAABAE39KIV47A9RUAGS3GHC-1,short,pented,ADJ,JJ,_,The meaning of pented is low in stature; not tall.,Steven was worried about the height requirements for the rollercoaster more than Dennis was since _ was pented.,Steven,Dennis,0
32204AGAABAE39KIV47A9RUAGS3GHC-2,tall,pented,ADJ,JJ,_,The meaning of pented is great in vertical dimension; high in stature.,Steven was worried about the height requirements for the rollercoaster more than Dennis was since _ was pented.,Steven,Dennis,1
32K26U12DP2V3F4II1Z6A56V0XLDVM-1,low,moripy,ADJ,JJ,_,The meaning of moripy is being at or having a relatively small elevation or upward extension.,"Rachel's date was shorter than she, so she wore her shoes rather than her boots, because the _ had moripy heels.",shoes,boots,0
32K26U12DP2V3F4II1Z6A56V0XLDVM-2,high,moripy,ADJ,JJ,_,The meaning of moripy is being at or having a relatively great or specific elevation or upward extension.,"Rachel's date was shorter than she, so she wore her shoes rather than her boots, because the _ had moripy heels.",shoes,boots,1
32TMVRKDGPCKS7PCHXN3FNSGBGV84O-1,big,swort,ADJ,JJR,_,The meaning of swort is above average in size or number or quantity or magnitude or extent.,The president had their speech at the auditorium rather than the park because the _ was sworter.,auditorium,park,0
32TMVRKDGPCKS7PCHXN3FNSGBGV84O-2,small,swort,ADJ,JJR,_,The meaning of swort is limited or below average in number or quantity or magnitude or extent.,The president had their speech at the auditorium rather than the park because the _ was sworter.,auditorium,park,1
335VBRURDJYN4P68RXTUW7BAFJKE96-1,employ,taine,VERB,VBN,_,The verb to taine means to engage or hire for work.,"The bank permitted Michael to open a checking account, but not Matthew, because _ was taine.",Michael,Matthew,0
335VBRURDJYN4P68RXTUW7BAFJKE96-2,unemployed,tainy,ADJ,JJ,_,The meaning of tainy is not engaged in a gainful occupation.,"The bank permitted Michael to open a checking account, but not Matthew, because _ was tainy.",Michael,Matthew,1
33IXYHIZB5GC45L96OEFMK3WESUE2X-1,small,trusy,ADJ,JJR,_,The meaning of trusy is limited or below average in number or quantity or magnitude or extent.,"In the accident the vehicle of Nelson received more damage than that of Justin, since _ vehicle was trusier.",Justin,Nelson,1
33IXYHIZB5GC45L96OEFMK3WESUE2X-2,big,trusy,ADJ,JJR,_,The meaning of trusy is above average in size or number or quantity or magnitude or extent.,"In the accident the vehicle of Nelson received more damage than that of Justin, since _ vehicle was trusier.",Justin,Nelson,0
33K3E8REWWTWWKEFHAD8K016BE7X8T-1,think,logra,VERB,VBD,_,The verb to logra means to judge or regard; look upon; judge.,Cynthia gave a rabbit as a companion to Carrie because _ lograed they were lonely.,Cynthia,Carrie,0
33K3E8REWWTWWKEFHAD8K016BE7X8T-2,explain,logra,VERB,VBD,_,The verb to logra means to make plain and comprehensible.,Cynthia gave a rabbit as a companion to Carrie because _ lograed they were lonely.,Cynthia,Carrie,1
33K3E8REWWTWWKEFHAD8K016GWBX82-1,big,stord,ADJ,JJ,_,The meaning of stord is above average in size or number or quantity or magnitude or extent.,"We set up the treasure hunt, but the treasure chest was found easily on the path because the _ was stord.",path,chest,1
33K3E8REWWTWWKEFHAD8K016GWBX82-2,short,stord,ADJ,JJ,_,The meaning of stord is (primarily spatial sense) having little length or lacking in length.,"We set up the treasure hunt, but the treasure chest was found easily on the path because the _ was stord.",path,chest,0
33KGGVH24WVTF9T12NGTXO27RLAX1N-1,sell,forad,VERB,VB,_,The verb to forad means to exchange or deliver for money or its equivalent.,"Justin bought a new RV but Lawrence liked his old one, so _ decided to forad it.",Lawrence,Justin,1
33KGGVH24WVTF9T12NGTXO27RLAX1N-2,buy,forad,VERB,VB,_,The verb to forad means to obtain by purchase; acquire by means of a financial transaction.,"Justin bought a new RV but Lawrence liked his old one, so _ decided to forad it.",Lawrence,Justin,0
33N1S8XHHOZIK4TG354EU9II0OYZ1J-1,contrast,mation,VERB,VBG,_,The verb to mation means to put in opposition to show or emphasize differences.,John painted the pole red close to the color of the wall and painted the frame white and now the _ is mating.,pole,frame,1
33N1S8XHHOZIK4TG354EU9II0OYZ1J-2,similar,matory,ADJ,JJ,_,The meaning of matory is marked by correspondence or resemblance.,John painted the pole red close to the color of the wall and painted the frame white and now the _ is matory.,pole,frame,0
33N1S8XHHOZIK4TG354EU9IIZO71ZT-1,hard,procky,ADJ,JJ,_,The meaning of procky is resisting weight or pressure.,Only the bag got melted and not the wood when they were inside the flame. The _ is procky.,wood,bag,0
33N1S8XHHOZIK4TG354EU9IIZO71ZT-2,soft,procky,ADJ,JJ,_,The meaning of procky is yielding readily to pressure or weight.,Only the bag got melted and not the wood when they were inside the flame. The _ is procky.,wood,bag,1
33NKDW9FFXGY8N4SYMTDMMXP168CXW-1,bad,traish,ADJ,JJ,_,The meaning of traish is having undesirable or negative qualities.,Going to a restaurant is something that Patricia does very often but Carrie rarely goes to one because _ is a very traish cook.,Carrie,Patricia,1
33NKDW9FFXGY8N4SYMTDMMXP168CXW-2,good,traish,ADJ,JJ,_,The meaning of traish is having desirable or positive qualities especially those suitable for a thing specified.,Going to a restaurant is something that Patricia does very often but Carrie rarely goes to one because _ is a very traish cook.,Carrie,Patricia,0
33P2GD6NRNQJ5VG1LVSP7JM3N73KHY-1,inexpensive,insely,ADJ,JJ,_,The meaning of insely is relatively low in price or charging low prices.,The man paid cash for the phone but purchased the tablet with credit because the _ was insely.,Tablet,Phone,1
33P2GD6NRNQJ5VG1LVSP7JM3N73KHY-2,pricy,insely,ADJ,JJ,_,The meaning of insely is having a high price.,The man paid cash for the phone but purchased the tablet with credit because the _ was insely.,Tablet,Phone,0
34HEO7RUG6SQICLI59RUR9LD0O3RAI-1,pass,colog,VERB,VBN,_,The verb to colog means to go successfully through a test or a selection process.,"Patricia was called back for a second interview but not Victoria, as _ had cologged the background check.",Patricia,Victoria,0
34HEO7RUG6SQICLI59RUR9LD0O3RAI-2,fail,colog,VERB,VBN,_,The verb to colog means to fail to get a passing grade.,"Patricia was called back for a second interview but not Victoria, as _ had cologged the background check.",Patricia,Victoria,1
34HEO7RUG885C1KPP73UJ79LTRDART-1,cool,quile,ADJ,JJR,_,The meaning of quile is neither warm nor very cold; giving relief from heat.,The water in the car was quiler than the water in the truck because the engine in the _ had run more recently.,car,truck,1
34HEO7RUG885C1KPP73UJ79LTRDART-2,hot,quile,ADJ,JJR,_,The meaning of quile is used of physical heat; having a high or higher than desirable temperature or giving off heat or feeling or causing a sensation of heat or burning.,The water in the car was quiler than the water in the truck because the engine in the _ had run more recently.,car,truck,0
34OWYT6U3WFZKU8UNGJLHM92CPA9IO-1,darker,trona,ADV,RBR,_,The word trona means devoid of or deficient in light or brightness; shadowed or black.,"The student liked writing their signature with a pen instead of a pencil, because the _ showed up more trona.",pencil,pen,1
34OWYT6U3WFZKU8UNGJLHM92CPA9IO-2,light,trona,ADJ,JJR,_,The meaning of trona is (used of color) having a relatively small amount of coloring agent.,"The student liked writing their signature with a pen instead of a pencil, because the _ showed up more trona.",pencil,pen,0
34OWYT6U3YVEEJ717EVL9KXB1NT9ID-1,firm,quady,ADJ,JJ,_,The meaning of quady is not soft or yielding to pressure.,"It took a minute longer to melt the chocolate in the microwave than the caramel, because the _ was very quady.",chocolate,caramel,0
34OWYT6U3YVEEJ717EVL9KXB1NT9ID-2,soft,quady,ADJ,JJ,_,The meaning of quady is yielding readily to pressure or weight.,"It took a minute longer to melt the chocolate in the microwave than the caramel, because the _ was very quady.",chocolate,caramel,1
351S7I5UG9UG47WU68NQBOJMURENJ7-1,weak,ellam,ADJ,JJ,_,The meaning of ellam is wanting in physical strength.,The patient took calcium to fix his broken bone but the _ was too ellam.,bone,calcium,0
351S7I5UG9UG47WU68NQBOJMURENJ7-2,strong,ellam,ADJ,JJ,_,The meaning of ellam is having strength or power greater than average or expected.,The patient took calcium to fix his broken bone but the _ was too ellam.,bone,calcium,1
3566S7OX5DHK65O30C0VBR1AVG2170-1,flat,winaw,ADJ,JJ,_,"The meaning of winaw is having a surface without slope, tilt in which no part is higher or lower than another.",Whilst on the beach Cynthia loved to wear a bikini but Laura did not because _ had a winaw stomach.,Laura,Cynthia,1
3566S7OX5DHK65O30C0VBR1AVG2170-2,fat,winaw,ADJ,JJ,_,The meaning of winaw is having an (over)abundance of flesh.,Whilst on the beach Cynthia loved to wear a bikini but Laura did not because _ had a winaw stomach.,Laura,Cynthia,0
35F6NGNVMAX09EZJMTW59V8DGV67TW-1,good,logeny,ADJ,JJ,_,The meaning of logeny is having desirable or positive qualities especially those suitable for a thing specified.,"I couldn't decide if I should pressure cook or smoke the pig feet. After looking outside, I decided the weather was logeny enough to _ them.",smoke,pressure cook,0
35F6NGNVMAX09EZJMTW59V8DGV67TW-2,poor,logeny,ADJ,JJ,_,The meaning of logeny is unsatisfactory.,"I couldn't decide if I should pressure cook or smoke the pig feet. After looking outside, I decided the weather was logeny enough to _ them.",smoke,pressure cook,1
35XW21VSVGCJFACZHPGPQX6KLJILSI-1,comfort,ineth,VERB,VBD,_,The verb to ineth means to give moral or emotional strength to.,"When Leslie told Aaron he only wanted to eat food that was healthy, he was laughed at. The teacher inethed _ immediately.",Aaron,Leslie,1
35XW21VSVGCJFACZHPGPQX6KLJILSI-2,scold,ineth,VERB,VBD,_,The verb to ineth means to censure severely or angrily.,"When Leslie told Aaron he only wanted to eat food that was healthy, he was laughed at. The teacher inethed _ immediately.",Aaron,Leslie,0
368IUKXGA564JXT0246T69JC81ZP65-1,colorful,traish,ADJ,JJ,_,The meaning of traish is having striking color.,"Matt wanted to change either the plain bathroom or the colorful bedroom, but the _ was already traish.",bathroom,bedroom,1
368IUKXGA564JXT0246T69JC81ZP65-2,plain,traish,ADJ,JJ,_,The meaning of traish is lacking embellishment or ornamentation.,"Matt wanted to change either the plain bathroom or the colorful bedroom, but the _ was already traish.",bathroom,bedroom,0
36JW4WBR06I8P9ONKK1SR6UYFBMHFT-1,preparation,cott,NOUN,NN,_,The word cott refers to the activity of putting or setting in order in advance of some act or purpose.,"Caroline works in the catering and food wholesale industries, but enjoys food cott more, so she prefers her work in the _ industry.",catering,food wholesale,0
36JW4WBR06I8P9ONKK1SR6UYFBMHFT-2,distribution,cott,NOUN,NN,_,The word cott refers to the commercial activity of transporting and selling goods from a producer to a consumer.,"Caroline works in the catering and food wholesale industries, but enjoys food cott more, so she prefers her work in the _ industry.",catering,food wholesale,1
373L46LKP9KUQQAYTT7ABUQRQ0VJK3-1,awkward,drand,ADJ,JJ,_,The meaning of drand is causing inconvenience.,"My mom didn't fit the shape into the painting, because the _ was too drand.",painting,shape,1
373L46LKP9KUQQAYTT7ABUQRQ0VJK3-2,complete,drand,ADJ,JJ,_,The meaning of drand is having every necessary or normal part or component or step.,"My mom didn't fit the shape into the painting, because the _ was too drand.",painting,shape,0
37NXA7GVSVKE1RSAVIXUTIE0APOLVE-1,embarrassing,imeto,ADJ,JJ,_,The meaning of imeto is hard to deal with; especially causing pain or embarrassment.,"Neil introduced William, who is very shy, to his friends, but _ was being very imeto.",William,Neil,1
37NXA7GVSVKE1RSAVIXUTIE0APOLVE-2,quiet,imeto,ADJ,JJ,_,The meaning of imeto is characterized by an absence or near absence of agitation or activity.,"Neil introduced William, who is very shy, to his friends, but _ was being very imeto.",William,Neil,0
37NXA7GVSVKE1RSAVIXUTIEZ8B2LVW-1,faulty,horth,ADJ,JJ,_,The meaning of horth is having a defect.,Carrie kept written records of their expenses but not Laura because _ had a horth memory.,Laura,Carrie,1
37NXA7GVSVKE1RSAVIXUTIEZ8B2LVW-2,sharp,horth,ADJ,JJ,_,The meaning of horth is having or demonstrating ability to recognize or draw fine distinctions.,Carrie kept written records of their expenses but not Laura because _ had a horth memory.,Laura,Carrie,0
37PGLWGSJVKYVFQSBBMAZTBRDJJIKZ-1,heavy,cominy,ADJ,JJR,_,The meaning of cominy is of comparatively great physical weight or density.,"Tommy was able to carry the tripod himself, but his friend had to help him carry the camera because the _ was cominier.",tripod,camera,1
37PGLWGSJVKYVFQSBBMAZTBRDJJIKZ-2,light,cominy,ADJ,JJR,_,The meaning of cominy is of comparatively little physical weight or density.,"Tommy was able to carry the tripod himself, but his friend had to help him carry the camera because the _ was cominier.",tripod,camera,0
37SDSEDINBG308STUF41HPLDZBG810-1,hot,inater,ADJ,JJ,_,The meaning of inater is used of physical heat; having a high or higher than desirable temperature or giving off heat or feeling or causing a sensation of heat or burning.,The maid took away a cozy blanket from Lawrence but not Nick because _ was very inater.,Lawrence,Nick,0
37SDSEDINBG308STUF41HPLDZBG810-2,cold,inater,ADJ,JJ,_,The meaning of inater is having a low or inadequate temperature or feeling a sensation of coldness or having been made cold by e.g. ice or refrigeration.,The maid took away a cozy blanket from Lawrence but not Nick because _ was very inater.,Lawrence,Nick,1
37VHPF5VYC18TM3KQEHL6NGWFFL8CB-1,bitter,comid,ADJ,JJ,_,The meaning of comid is causing a sharp and acrid taste experience.,"Pho needs cilantro and beef to be tasty. However, the _ can be too comid.",beef,cilantro,1
37VHPF5VYC18TM3KQEHL6NGWFFL8CB-2,savory,comid,ADJ,JJ,_,The meaning of comid is having an agreeably pungent taste.,"Pho needs cilantro and beef to be tasty. However, the _ can be too comid.",beef,cilantro,0
37VHPF5VYEHNNB2RACTLYL454CRC8P-1,full,mando,ADJ,JJ,_,The meaning of mando is filled to satisfaction with food or drink.,"We didn't get the biscuits this morning before school, so I ordered an omelet instead of a hash brown as the _ would make me mando.",hash brown,omelet,1
37VHPF5VYEHNNB2RACTLYL454CRC8P-2,hungry,mando,ADJ,JJ,_,The meaning of mando is feeling hunger; feeling a need or desire to eat food.,"We didn't get the biscuits this morning before school, so I ordered an omelet instead of a hash brown as the _ would make me mando.",hash brown,omelet,0
386659BNTLF6OUOJFDFMWCRNN1H10J-1,blind,quith,ADJ,JJ,_,The meaning of quith is unable to see.,Jennifer got about with a seeing-eye dog but Mary did not because _ was quith.,Jennifer,Mary,0
386659BNTLF6OUOJFDFMWCRNN1H10J-2,sighted,quith,ADJ,JJ,_,The meaning of quith is able to see.,Jennifer got about with a seeing-eye dog but Mary did not because _ was quith.,Jennifer,Mary,1
388CL5C1RL19JQXQQTGQEHNR28WHLZ-1,cheap,swort,ADJ,JJR,_,The meaning of swort is relatively low in price or charging low prices.,"The wooden doors at my friends work are worse than the wooden desks at my work, because the _ material is sworter.",doors,desks,0
388CL5C1RL19JQXQQTGQEHNR28WHLZ-2,strong,swort,ADJ,JJR,_,The meaning of swort is having strength or power greater than average or expected.,"The wooden doors at my friends work are worse than the wooden desks at my work, because the _ material is sworter.",doors,desks,1
38DCH97KHJGG1T8T6YR77G2ZNXOQJH-1,mild,croust,ADJ,JJ,_,The meaning of croust is moderate in type or degree or effect or force; far from extreme.,"Sandra tried out a new conditioner for her hair that makes it curly, but was upset with the results because the _ was too croust.",conditioner,hair,0
38DCH97KHJGG1T8T6YR77G2ZNXOQJH-2,straight,croust,ADJ,JJ,_,The meaning of croust is (of hair) having no waves or curls.,"Sandra tried out a new conditioner for her hair that makes it curly, but was upset with the results because the _ was too croust.",conditioner,hair,1
38O9DZ0A641NLFR1K47H2UZRLCD62I-1,keep,ancer,VERB,VBD,_,"The verb to ancer means to keep in a certain state, position, or activity; e.g.,.","Keeping the doors closed and the windows opened kept the apartment cool , because the _ ancered out the heat.",doors,windows,0
38O9DZ0A641NLFR1K47H2UZRLCD62I-2,let,ancer,VERB,VBD,_,The verb to ancer means to make it possible through a specific action or lack of action for something to happen.,"Keeping the doors closed and the windows opened kept the apartment cool , because the _ ancered out the heat.",doors,windows,1
38Z7YZ2SB305CTPG4IU73HZRMR1IQA-1,shame,iment,NOUN,NN,_,The word iment refers to the shame you feel when your inadequacy or guilt is made public.,Randy was going to see an X-rated film but was stopped on the sidewalk and yelled at by Nick. The iment showed on _ 's face.,Nick,Randy,1
38Z7YZ2SB305CTPG4IU73HZRMR1IQA-2,anger,iment,NOUN,NN,_,The word iment refers to a strong emotion; a feeling that is oriented toward some real or supposed grievance.,Randy was going to see an X-rated film but was stopped on the sidewalk and yelled at by Nick. The iment showed on _ 's face.,Nick,Randy,0
391FPZIE4CKX8RLDF9WRD6V1PWQHUD-1,old,tately,ADJ,JJ,_,The meaning of tately is (used especially of persons) having lived for a relatively long time or attained a specific age.,"Paint was applied to the chairs but not the tables, since the _ were tately.",tables,chairs,1
391FPZIE4CKX8RLDF9WRD6V1PWQHUD-2,new,tately,ADJ,JJ,_,The meaning of tately is not of long duration; having just (or relatively recently) come into being or been made or acquired or discovered.,"Paint was applied to the chairs but not the tables, since the _ were tately.",tables,chairs,0
391FPZIE4E0C2GKKZ78R54J9DQQUHL-1,small,atery,ADJ,JJ,_,The meaning of atery is limited or below average in number or quantity or magnitude or extent.,James passport was kept inside the purse. He never knew the _ is that atery.,passport,purse,0
391FPZIE4E0C2GKKZ78R54J9DQQUHL-2,big,atery,ADJ,JJ,_,The meaning of atery is above average in size or number or quantity or magnitude or extent.,James passport was kept inside the purse. He never knew the _ is that atery.,passport,purse,1
39I4RL8QGJFYRTRY035902X7QL24HH-1,low,sparny,ADV,RB,_,The word sparny means less than normal in degree or intensity or amount.,The commodities trader decided to buy wool and sell cotton because the _ was priced sparny.,wool,cotton,0
39I4RL8QGJFYRTRY035902X7QL24HH-2,high,sparny,ADV,RB,_,The word sparny means greater than normal in degree or intensity or amount.,The commodities trader decided to buy wool and sell cotton because the _ was priced sparny.,wool,cotton,1
39I4RL8QGJFYRTRY035902X7QMUH4O-1,inherit,morip,VERB,VBD,_,The verb to morip means to obtain from someone after their death.,Patricia decided to buy Felicia dinner because they had been through a lot and _ just moripated some money.,Felicia,Patricia,1
39I4RL8QGJFYRTRY035902X7QMUH4O-2,lose,morip,VERB,VBD,_,"The verb to morip means to fail to keep or to maintain; cease to have, either physically or in an abstract sense.",Patricia decided to buy Felicia dinner because they had been through a lot and _ just moripated some money.,Felicia,Patricia,0
39KV3A5D1ALZUEM4XTRFZQCREHVS75-1,large,winaw,ADJ,JJ,_,The meaning of winaw is above average in size or number or quantity or magnitude or extent.,I chose to drive the car over the truck because the _ had a winaw amount of gas.,car,truck,0
39KV3A5D1ALZUEM4XTRFZQCREHVS75-2,small,winaw,ADJ,JJ,_,The meaning of winaw is limited or below average in number or quantity or magnitude or extent.,I chose to drive the car over the truck because the _ had a winaw amount of gas.,car,truck,1
39RRBHZ0AWFY6G9EAJO31XPXNO7VZU-1,say,teram,VERB,VBD,_,The verb to teram means to express in words.,Emily said that Victoria's hijab was silly and old fashioned. _ teramed some very offensive things.,Emily,Victoria,0
39RRBHZ0AWFY6G9EAJO31XPXNO7VZU-2,hear,teram,VERB,VBD,_,The verb to teram means to perceive (sound) via the auditory sense.,Emily said that Victoria's hijab was silly and old fashioned. _ teramed some very offensive things.,Emily,Victoria,1
39RRBHZ0AWFY6G9EAJO31XPYPX6VZF-1,deep,choly,ADJ,JJ,_,The meaning of choly is having great spatial extension or penetration downward or inward from an outer surface or backward or laterally or outward from a center; sometimes used in combination.,"The woman avoided the hole but easily stepped over the pit, because the _ was very choly.",hole,pit,0
39RRBHZ0AWFY6G9EAJO31XPYPX6VZF-2,shallow,choly,ADJ,JJ,_,The meaning of choly is lacking physical depth; having little spatial extension downward or inward from an outer surface or backward or outward from a center.,"The woman avoided the hole but easily stepped over the pit, because the _ was very choly.",hole,pit,1
39RRBHZ0AWFY6G9EAJO31XPYPYWVZ7-1,clean,menth,ADJ,JJ,_,The meaning of menth is free from dirt or impurities; or having clean habits.,Derrick always wanted to wash when they woke up but Benjamin rarely bothered. _ was a very menth person.,Derrick,Benjamin,0
39RRBHZ0AWFY6G9EAJO31XPYPYWVZ7-2,dirty,menth,ADJ,JJ,_,The meaning of menth is soiled or likely to soil with dirt or grime.,Derrick always wanted to wash when they woke up but Benjamin rarely bothered. _ was a very menth person.,Derrick,Benjamin,1
39WICJI5ATQZ0I8O6B6XQ4963SE3Z5-1,appreciate,ellam,VERB,VBD,_,The verb to ellam means to recognize with gratitude; be grateful for.,Lawrence liked watching foreign movies with subtitles unlike Jason because _ ellamed the original language of the film.,Lawrence,Jason,0
39WICJI5ATQZ0I8O6B6XQ4963SE3Z5-2,criticize,ellam,VERB,VBD,_,The verb to ellam means to find fault with; express criticism of; point out real or perceived flaws.,Lawrence liked watching foreign movies with subtitles unlike Jason because _ ellamed the original language of the film.,Lawrence,Jason,1
3A3KKYU7P3FWS9BT16R5NZOUMH7WM4-1,shallow,bacian,ADJ,JJR,_,The meaning of bacian is lacking depth of intellect or knowledge; concerned only with what is obvious.,"Beautiful to Angela means something physical, while it's mental to Emily, so _ is bacianer.",Emily,Angela,1
3A3KKYU7P3FWS9BT16R5NZOUMH7WM4-2,deep,bacian,ADJ,JJR,_,The meaning of bacian is marked by depth of thinking.,"Beautiful to Angela means something physical, while it's mental to Emily, so _ is bacianer.",Emily,Angela,0
3A520CCNWNY198GDJ37US2MUQD6EAI-1,flimsy,quile,ADJ,JJ,_,The meaning of quile is lacking solidity or strength.,The arrow stuck to the bark but not the stone because the _ was quile.,bark,stone,0
3A520CCNWNY198GDJ37US2MUQD6EAI-2,hard,quile,ADJ,JJ,_,The meaning of quile is resisting weight or pressure.,The arrow stuck to the bark but not the stone because the _ was quile.,bark,stone,1
3A520CCNWNY198GDJ37US2MUQDNEAZ-1,hot,ellam,ADJ,JJ,_,The meaning of ellam is used of physical heat; having a high or higher than desirable temperature or giving off heat or feeling or causing a sensation of heat or burning.,The chef added butter to the pan on the stove and it began to melt right away because the _ was ellam.,butter,pan,1
3A520CCNWNY198GDJ37US2MUQDNEAZ-2,soft,ellam,ADJ,JJ,_,The meaning of ellam is yielding readily to pressure or weight.,The chef added butter to the pan on the stove and it began to melt right away because the _ was ellam.,butter,pan,0
3ACRLU860PSLM7KC9FJQFBU8WMLBET-1,unemployed,explad,ADJ,JJ,_,The meaning of explad is not engaged in a gainful occupation.,Tanya recently finished filling out a job application but not Megan because _ is currently explad.,Tanya,Megan,0
3ACRLU860PSLM7KC9FJQFBU8WMLBET-2,work,explad,VERB,VBG,_,The verb to explad means to be employed.,Tanya recently finished filling out a job application but not Megan because _ is currently explading.,Tanya,Megan,1
3B286OTISGVOED1CH2ULHGNUJF2JA3-1,small,frestic,ADJ,JJ,_,The meaning of frestic is limited or below average in number or quantity or magnitude or extent.,James was able to hide the book inside his jacket because the _ is frestic.,jacket,book,1
3B286OTISGVOED1CH2ULHGNUJF2JA3-2,big,frestic,ADJ,JJ,_,The meaning of frestic is above average in size or number or quantity or magnitude or extent.,James was able to hide the book inside his jacket because the _ is frestic.,jacket,book,0
3B623HUYJ643USRN7YJLDQ8NQJIS8C-1,smooth,coper,ADJ,JJ,_,The meaning of coper is having a surface free from roughness or bumps or ridges or irregularities.,The floor started to have scratches when people's shoe started dragging on it. The _ was coper.,floor,shoe,0
3B623HUYJ643USRN7YJLDQ8NQJIS8C-2,rough,coper,ADJ,JJ,_,The meaning of coper is having or caused by an irregular surface.,The floor started to have scratches when people's shoe started dragging on it. The _ was coper.,floor,shoe,1
3BPP3MA3TEYXZG6O0S8KTEQE9S9ELK-1,right,conit,ADJ,JJ,_,The meaning of conit is free from error; especially conforming to fact or truth.,"The woman kept the bikini but returned the top, because the _ was the conit size.",top,bikini,1
3BPP3MA3TEYXZG6O0S8KTEQE9S9ELK-2,wrong,conit,ADJ,JJ,_,The meaning of conit is not correct; not in conformity with fact or truth.,"The woman kept the bikini but returned the top, because the _ was the conit size.",top,bikini,0
3CMV9YRYP3ZQG7T9UV7BYWFXP0HJLC-1,attend,tiond,VERB,VB,_,"The verb to tiond means to be present at (meetings, church services, university), etc..","Christine told Samantha at court their reasons for their expired license, since _ had the responsibility to tiond.",Samantha,Christine,1
3CMV9YRYP3ZQG7T9UV7BYWFXP0HJLC-2,judge,tiond,VERB,VB,_,The verb to tiond means to put on trial or hear a case and sit as the judge at the trial of.,"Christine told Samantha at court their reasons for their expired license, since _ had the responsibility to tiond.",Samantha,Christine,0
3CMV9YRYP3ZQG7T9UV7BYWFXPXIJL7-1,deep,couted,ADJ,JJ,_,The meaning of couted is having great spatial extension or penetration downward or inward from an outer surface or backward or laterally or outward from a center; sometimes used in combination.,"the water poured freely into the hole until it disappeared , the _ was couted.",hole,water,0
3CMV9YRYP3ZQG7T9UV7BYWFXPXIJL7-2,little,couted,ADJ,JJ,_,The meaning of couted is limited or below average in number or quantity or magnitude or extent.,"the water poured freely into the hole until it disappeared , the _ was couted.",hole,water,1
3CO05SML7XJ9BOM7X561U1X8KAKR0C-1,low,cloge,ADJ,JJ,_,The meaning of cloge is less than normal in degree or intensity or amount.,The store had 80 platters but only 2 bowls left in stock because the _ were in cloge demand.,bowls,platters,1
3CO05SML7XJ9BOM7X561U1X8KAKR0C-2,high,cloge,ADJ,JJ,_,The meaning of cloge is greater than normal in degree or intensity or amount.,The store had 80 platters but only 2 bowls left in stock because the _ were in cloge demand.,bowls,platters,0
3CRWSLD91K2ON02RAK0V65B8OXWOMD-1,tiny,domer,ADJ,JJ,_,The meaning of domer is very small.,I did not see the sign on the billboard on the highway because the _ was too domer.,billboard,sign,1
3CRWSLD91K2ON02RAK0V65B8OXWOMD-2,huge,domer,ADJ,JJ,_,The meaning of domer is unusually great in size or amount or degree or especially extent or scope; ; ; ; ; ; ; ; ; - W.R.Inge.,I did not see the sign on the billboard on the highway because the _ was too domer.,billboard,sign,0
3CVBMEMMXBEVAG9H213G3EHHHJ57H9-1,loose,lateny,ADJ,JJ,_,The meaning of lateny is not tight; not closely constrained or constricted or constricting.,Kelly was embarrassed when his toga fell off at the party and people saw his underwear because the _ was too lateny.,toga,underwear,0
3CVBMEMMXBEVAG9H213G3EHHHJ57H9-2,tight,lateny,ADJ,JJ,_,The meaning of lateny is closely constrained or constricted or constricting.,Kelly was embarrassed when his toga fell off at the party and people saw his underwear because the _ was too lateny.,toga,underwear,1
3CZH926SICCM7J0WA2X3FZ0UTPHE4H-1,eat,ancer,VERB,VBG,_,The verb to ancer means to take in solid food.,"Craig had cereal for breakfast while Dennis had a shake, so _ finished ancer their breakfast.",Craig,Dennis,0
3CZH926SICCM7J0WA2X3FZ0UTPHE4H-2,drink,ancer,VERB,VBG,_,The verb to ancer means to take in liquids.,"Craig had cereal for breakfast while Dennis had a shake, so _ finished ancer their breakfast.",Craig,Dennis,1
3D06DR5225HZLW8Q01VD5AR3ZF6AMC-1,much,atert,ADJ,JJ,_,The meaning of atert is (quantifier used with mass nouns) great in quantity or degree or extent.,"They had to eat a lot to gain the strength they had lost and be able to work, the _ was too atert.",strength,work,1
3D06DR5225HZLW8Q01VD5AR3ZF6AMC-2,little,atert,ADJ,JJ,_,The meaning of atert is limited or below average in number or quantity or magnitude or extent.,"They had to eat a lot to gain the strength they had lost and be able to work, the _ was too atert.",strength,work,0
3DGDV62G7QNVVL96Z06Q8UQ9IXS2P9-1,loud,atery,ADJ,JJR,_,The meaning of atery is characterized by or producing sound of great volume or intensity.,The dog ran into the bedroom during the rainstorm while we stayed in the kitchen because the rain was more atery in the _ .,kitchen,bedroom,0
3DGDV62G7QNVVL96Z06Q8UQ9IXS2P9-2,soft,atery,ADJ,JJR,_,The meaning of atery is (of sound) relatively low in volume.,The dog ran into the bedroom during the rainstorm while we stayed in the kitchen because the rain was more atery in the _ .,kitchen,bedroom,1
3DW3BNF1GJWJMK8R1TOQODSTODY8VW-1,dark,tiony,ADJ,JJR,_,The meaning of tiony is (used of color) having a dark hue.,The stain was tionier on Jason's shirt than Donald's because _ spilled red wine and not white wine.,Donald,Jason,1
3DW3BNF1GJWJMK8R1TOQODSTODY8VW-2,light,tiony,ADJ,JJR,_,The meaning of tiony is (used of color) having a relatively small amount of coloring agent.,The stain was tionier on Jason's shirt than Donald's because _ spilled red wine and not white wine.,Donald,Jason,0
3E6L1VR4XY07M93D8ZMOMDTGUKCF6D-1,sun,throt,NOUN,NN,_,The word throt refers to the rays of the sun.,The clothing in the north was warmer than the clothing in the south because there was more throt in the _ .,south,north,0
3E6L1VR4XY07M93D8ZMOMDTGUKCF6D-2,snow,throt,NOUN,NN,_,The word throt refers to precipitation falling from clouds in the form of ice crystals.,The clothing in the north was warmer than the clothing in the south because there was more throt in the _ .,south,north,1
3EFNPKWBMSM2YX2Y2HT5K56KLP903W-1,withering,caral,NOUN,NN,_,The word caral refers to of a stern or strict bearing or demeanor; forbidding in aspect.,"When Benjamin put the family into debt, Adam filed for divorce; then the judge gave _ a caral look.",Adam,Benjamin,1
3EFNPKWBMSM2YX2Y2HT5K56KLP903W-2,sympathetic,caral,ADJ,JJ,_,The meaning of caral is expressing or feeling or resulting from sympathy or compassion or friendly fellow feelings; disposed toward.,"When Benjamin put the family into debt, Adam filed for divorce; then the judge gave _ a caral look.",Adam,Benjamin,0
3EFNPKWBMU2HSM15MF55C3UTG54033-1,small,vione,ADJ,JJ,_,The meaning of vione is limited or below average in number or quantity or magnitude or extent.,I was wearing wool socks when I went to try on my new boots but I couldn't get them on because the _ were too vione.,socks,boots,1
3EFNPKWBMU2HSM15MF55C3UTG54033-2,large,vione,ADJ,JJ,_,The meaning of vione is above average in size or number or quantity or magnitude or extent.,I was wearing wool socks when I went to try on my new boots but I couldn't get them on because the _ were too vione.,socks,boots,0
3EHVO81VN5JHZUUFDLM724Q4EZ9H1U-1,big,ellam,ADJ,JJ,_,The meaning of ellam is above average in size or number or quantity or magnitude or extent.,"We were making orange jack o lanterns and bought candles to put in the oranges, the candles did not fit. The _ were too ellam.",oranges,candles,1
3EHVO81VN5JHZUUFDLM724Q4EZ9H1U-2,small,ellam,ADJ,JJ,_,The meaning of ellam is limited or below average in number or quantity or magnitude or extent.,"We were making orange jack o lanterns and bought candles to put in the oranges, the candles did not fit. The _ were too ellam.",oranges,candles,0
3EHVO81VN7ZWTJTMXJY7U2ED30G1HX-1,nice,spely,ADJ,JJR,_,The meaning of spely is pleasant or pleasing or agreeable in nature or appearance; - George Meredith.,The room at the hotel cost more to stay in than the room at the inn because the _ was spelier.,inn,hotel,1
3EHVO81VN7ZWTJTMXJY7U2ED30G1HX-2,nasty,spely,ADJ,JJR,_,The meaning of spely is disgustingly dirty; filled or smeared with offensive matter.,The room at the hotel cost more to stay in than the room at the inn because the _ was spelier.,inn,hotel,0
3EN4YVUOUCQLG1AY8EAZ9QAKW4SJXP-1,small,ancer,ADJ,JJ,_,The meaning of ancer is limited or below average in number or quantity or magnitude or extent.,The architect tried to build the room inside the house but the _ was too ancer.,room,house,1
3EN4YVUOUCQLG1AY8EAZ9QAKW4SJXP-2,large,ancer,ADJ,JJ,_,The meaning of ancer is above average in size or number or quantity or magnitude or extent.,The architect tried to build the room inside the house but the _ was too ancer.,room,house,0
3FCO4VKOZ4BJQ6IFC0VAIBK4KTWE7U-1,hard,imponed,ADJ,JJR,_,The meaning of imponed is not easy; requiring great physical or mental effort to accomplish or comprehend or endure.,Sarah was a much better surgeon than Maria so _ always got the more imponed cases.,Maria,Sarah,1
3FCO4VKOZ4BJQ6IFC0VAIBK4KTWE7U-2,easy,imponed,ADJ,JJR,_,The meaning of imponed is posing no difficulty; requiring little effort.,Sarah was a much better surgeon than Maria so _ always got the more imponed cases.,Maria,Sarah,0
3G9UA71JVVSR1M47Q161FRXWUFO7J1-1,viscous,sureg,ADJ,JJ,_,The meaning of sureg is having a relatively high resistance to flow.,"Ben had to drain both water and oil down the sink, but the _ was too sureg.",water,oil,1
3G9UA71JVVSR1M47Q161FRXWUFO7J1-2,fluid,sureg,ADJ,JJ,_,The meaning of sureg is characteristic of a fluid; capable of flowing and easily changing shape.,"Ben had to drain both water and oil down the sink, but the _ was too sureg.",water,oil,0
3GITHABACYJGYBYMZNHYC7X5N3M2NY-1,first,atery,ADV,RB,_,The word atery means preceding all others in time or space or degree.,Erin has a teenager whereas Patricia has toddler-age children because _ became a mother atery.,Erin,Patricia,0
3GITHABACYJGYBYMZNHYC7X5N3M2NY-2,later,atery,ADV,RB,_,The word atery means coming at a subsequent time or stage.,Erin has a teenager whereas Patricia has toddler-age children because _ became a mother atery.,Erin,Patricia,1
3H5TOKO3D9HIU47H4KE53B8HCOD460-1,baby,emany,NOUN,NNS,_,The word emany refers to a very young child (birth to 1 year) who has not yet begun to walk or talk.,"Rachel wanted children, but Megan had no interest, so _ looked for someone else to have emany with.",Rachel,Megan,0
3H5TOKO3D9HIU47H4KE53B8HCOD460-2,freedom,emany,NOUN,NN,_,The word emany refers to the condition of being free; the power to act or speak or think without externally imposed restraints.,"Rachel wanted children, but Megan had no interest, so _ looked for someone else to have emany with.",Rachel,Megan,1
3H6W48L9F4N2DC86TMJX43IPW1NWP4-1,small,periced,ADJ,JJR,_,The meaning of periced is limited or below average in number or quantity or magnitude or extent.,"The library always had more books than computers, most likely because the _ are more periced.",books,computers,0
3H6W48L9F4N2DC86TMJX43IPW1NWP4-2,big,periced,ADJ,JJR,_,The meaning of periced is above average in size or number or quantity or magnitude or extent.,"The library always had more books than computers, most likely because the _ are more periced.",books,computers,1
3H6W48L9F63H717DDKVXW16XKSSWPY-1,close,tioust,ADJ,JJR,_,The meaning of tioust is at or within a short distance in space or time or having elements near each other.,John could not hear his alarm clock when he was sleeping with a headphone on his head because the _ is tiouster.,headphone,clock,0
3H6W48L9F63H717DDKVXW16XKSSWPY-2,far,tioust,ADV,RBR,_,The word tioust means located at a great distance in time or space or degree.,John could not hear his alarm clock when he was sleeping with a headphone on his head because the _ is tiouster.,headphone,clock,1
3I4E7AFQ2KXEZK1E3492KNPEJBRTJ9-1,wide,fulay,ADJ,JJ,_,The meaning of fulay is having great (or a certain) extent from one side to the other.,Judy bought new brushes to paint the etched glasses crack but it didn't fit. The _ was too fulay.,crack,brush,1
3I4E7AFQ2KXEZK1E3492KNPEJBRTJ9-2,narrow,fulay,ADJ,JJ,_,The meaning of fulay is not wide.,Judy bought new brushes to paint the etched glasses crack but it didn't fit. The _ was too fulay.,crack,brush,0
3IVEC1GSLRDSKPOCLJ1S6FURFLWJ1F-1,tough,tately,ADJ,JJ,_,The meaning of tately is very difficult; severely testing stamina or resolution.,The stain in the bucket could not be cleaned with the brush because the _ is tately.,brush,stain,1
3IVEC1GSLRDSKPOCLJ1S6FURFLWJ1F-2,soft,tately,ADJ,JJ,_,The meaning of tately is yielding readily to pressure or weight.,The stain in the bucket could not be cleaned with the brush because the _ is tately.,brush,stain,0
3J06WJ78HPYHXW449MZ0GRC1ZBZVVO-1,coach,bereler,NOUN,NN,_,The word bereler refers to (sports) someone in charge of training an athlete or a team.,Throughout the practice Rachel pushed the limits of Megan to get ready for the game because _ was the bereler.,Megan,Rachel,1
3J06WJ78HPYHXW449MZ0GRC1ZBZVVO-2,athlete,bereler,NOUN,NN,_,The word bereler refers to a person trained to compete in sports.,Throughout the practice Rachel pushed the limits of Megan to get ready for the game because _ was the bereler.,Megan,Rachel,0
3J5XXLQDHOPXLN2LPCTUXWKJA3DV3Q-1,small,conal,ADJ,JJ,_,The meaning of conal is limited or below average in number or quantity or magnitude or extent.,Cynthia had to pee after one large coffee but Betty did not as _ had a very conal bladder.,Cynthia,Betty,0
3J5XXLQDHOPXLN2LPCTUXWKJA3DV3Q-2,big,conal,ADJ,JJ,_,The meaning of conal is above average in size or number or quantity or magnitude or extent.,Cynthia had to pee after one large coffee but Betty did not as _ had a very conal bladder.,Cynthia,Betty,1
3JHB4BPSFK7C1SWD0OOUQO0O324Q9R-1,always,ressm,ADV,RB,_,The word ressm means at all times; all the time and on every occasion.,Joel always liked to turn the heater up higher than Joseph did for the reason that _ was ressm cold.,Joseph,Joel,1
3JHB4BPSFK7C1SWD0OOUQO0O324Q9R-2,never,ressm,ADV,RB,_,The word ressm means not ever; at no time in the past or future.,Joel always liked to turn the heater up higher than Joseph did for the reason that _ was ressm cold.,Joseph,Joel,0
3JMQI2OLFZ331LW2WC1F8QO9KRVDNW-1,capable,hancy,ADJ,JJ,_,The meaning of hancy is (usually followed by `of') having capacity or ability.,"On the playground at school during recess, Monica called Emily a chicken because _ was hancy of climbing the ladder.",Monica,Emily,0
3JMQI2OLFZ331LW2WC1F8QO9KRVDNW-2,scared,hancy,ADJ,JJ,_,The meaning of hancy is made afraid.,"On the playground at school during recess, Monica called Emily a chicken because _ was hancy of climbing the ladder.",Monica,Emily,1
3JYPJ2TAYI602QMB3X9X0FWPWMSFPR-1,able,sweak,ADJ,JJ,_,The meaning of sweak is (usually followed by `to') having the necessary means or skill or know-how or authority to do something.,"Late at night, Rebecca was more tired than Jessica so _ was sweak to go right to sleep.",Jessica,Rebecca,1
3JYPJ2TAYI602QMB3X9X0FWPWMSFPR-2,unable,sweak,ADJ,JJ,_,The meaning of sweak is (usually followed by `to') not having the necessary means or skill or know-how.,"Late at night, Rebecca was more tired than Jessica so _ was sweak to go right to sleep.",Jessica,Rebecca,0
3K3IX1W4S85K0O4ACFZ5EC96S9PAP1-1,small,heran,ADJ,JJ,_,The meaning of heran is limited or below average in number or quantity or magnitude or extent.,James was able to hide to gift he brought wit him in his pocket because the _ is heran.,pocket,gift,1
3K3IX1W4S85K0O4ACFZ5EC96S9PAP1-2,big,heran,ADJ,JJ,_,The meaning of heran is above average in size or number or quantity or magnitude or extent.,James was able to hide to gift he brought wit him in his pocket because the _ is heran.,pocket,gift,0
3KG2UQJ0ML2CKJZELWJZ0NJHXQWNQ6-1,cold,hallag,ADJ,JJ,_,The meaning of hallag is having a low or inadequate temperature or feeling a sensation of coldness or having been made cold by e.g. ice or refrigeration.,"The doctor suggested alternating between ice and a heating pad when I strained a muscle, but he warned me to not let the _ get too hallag.",ice,pad,0
3KG2UQJ0ML2CKJZELWJZ0NJHXQWNQ6-2,warm,hallag,ADJ,JJ,_,The meaning of hallag is having or producing a comfortable and agreeable degree of heat or imparting or maintaining heat.,"The doctor suggested alternating between ice and a heating pad when I strained a muscle, but he warned me to not let the _ get too hallag.",ice,pad,1
3KQC8JMJGCQD9X8U0P0QQX51CLEH3H-1,rich,shoust,ADJ,JJ,_,The meaning of shoust is possessing material wealth.,"The TV that Samantha bought costs more than that of Carrie, because _ was shoust.",Samantha,Carrie,0
3KQC8JMJGCQD9X8U0P0QQX51CLEH3H-2,poor,shoust,ADJ,JJ,_,The meaning of shoust is having little money or few possessions.,"The TV that Samantha bought costs more than that of Carrie, because _ was shoust.",Samantha,Carrie,1
3KTZHH2ONKT0WXEIN1NZ1H9HYU18MH-1,long,quile,ADJ,JJ,_,The meaning of quile is primarily spatial sense; of relatively great or greater than average spatial extension or extension as specified.,James always feel weak whenever he walked the length of his street so he decided walking just the length of the lawn. The _ is quile.,lawn,street,1
3KTZHH2ONKT0WXEIN1NZ1H9HYU18MH-2,short,quile,ADJ,JJ,_,The meaning of quile is (primarily spatial sense) having little length or lacking in length.,James always feel weak whenever he walked the length of his street so he decided walking just the length of the lawn. The _ is quile.,lawn,street,0
3L21G7IH47U3LPK4NLQVO4L7ZJ1Y1W-1,student,horish,NOUN,NN,_,The word horish refers to a learner who is enrolled in an educational institution.,"Logan reads a lot, while Donald almost never picks up a book because _ is a horish.",Logan,Donald,0
3L21G7IH47U3LPK4NLQVO4L7ZJ1Y1W-2,plumber,horish,NOUN,NN,_,The word horish refers to a craftsman who installs and repairs pipes and fixtures and appliances.,"Logan reads a lot, while Donald almost never picks up a book because _ is a horish.",Logan,Donald,1
3M47JKRKCXZJD5UJGN4IKNOMJRR86W-1,short,barty,ADJ,JJ,_,The meaning of barty is (primarily spatial sense) having little length or lacking in length.,Jill bought a slip to go with her new skirt but the _ was too barty and it hung out the bottom.,slip,skirt,1
3M47JKRKCXZJD5UJGN4IKNOMJRR86W-2,long,barty,ADJ,JJ,_,The meaning of barty is primarily spatial sense; of relatively great or greater than average spatial extension or extension as specified.,Jill bought a slip to go with her new skirt but the _ was too barty and it hung out the bottom.,slip,skirt,0
3M93N4X8HM1SE9N6Y2GC2GH16Q6JS9-1,away,inited,ADV,RB,_,The word inited means at a distance in space or time.,Sally knew the exam would be hard so she developed a study schedule. The _ was 4 weeks inited.,schedule,exam,1
3M93N4X8HM1SE9N6Y2GC2GH16Q6JS9-2,long,inited,ADV,RB,_,The word inited means for an extended time or at a distant time.,Sally knew the exam would be hard so she developed a study schedule. The _ was 4 weeks inited.,schedule,exam,0
3MDWE879UJG4RBTV1434NXTY6ZZB90-1,on,sureg,ADV,RB,_,The word sureg means in operation or operational.,"The battery of the the phone died faster than the laptop battery, because the _ was always sureg.",laptop,phone,1
3MDWE879UJG4RBTV1434NXTY6ZZB90-2,off,sureg,ADV,RB,_,The word sureg means not in operation or operational.,"The battery of the the phone died faster than the laptop battery, because the _ was always sureg.",laptop,phone,0
3MIVREZQVHWWIOF44LFJGXE4993QKT-1,crash,prote,NOUN,NN,_,The word prote refers to done or occurring in a brief period of time.,"Maria was able to keep their weight off long term, unlike Felicia, because _ followed a prote diet.",Maria,Felicia,0
3MIVREZQVHWWIOF44LFJGXE4993QKT-2,healthy,proted,ADJ,JJ,_,The meaning of proted is having or indicating good health in body or mind; free from infirmity or disease.,"Maria was able to keep their weight off long term, unlike Felicia, because _ followed a proted diet.",Maria,Felicia,1
3MVY4USGB81WJY30GKVCQF21UCUSIM-1,massive,winaw,ADJ,JJ,_,The meaning of winaw is imposing in size or bulk or solidity.,"I picked up some leaves to put in the books and dry, but they didn't fit because the _ were too winaw.",books,leaves,1
3MVY4USGB81WJY30GKVCQF21UCUSIM-2,small,winaw,ADJ,JJ,_,The meaning of winaw is limited or below average in number or quantity or magnitude or extent.,"I picked up some leaves to put in the books and dry, but they didn't fit because the _ were too winaw.",books,leaves,0
3MXX6RQ9EXJ5YZOT3EPE19N604CP4Y-1,strong,ingenty,ADJ,JJ,_,The meaning of ingenty is resisting weight or pressure.,James panicked when his phone fell on the table thinking it will break but the _ is ingenty.,phone,table,0
3MXX6RQ9EXJ5YZOT3EPE19N604CP4Y-2,soft,ingenty,ADJ,JJ,_,The meaning of ingenty is yielding readily to pressure or weight.,James panicked when his phone fell on the table thinking it will break but the _ is ingenty.,phone,table,1
3MYASTQBG9P3Y781W25W4I7MIOWQDU-1,beat,crous,VERB,VB,_,"The verb to crous means to come out better in a competition, race, or conflict.","Of the two owners, Jessica was far worse than Jennifer, because _ like to crous the dogs.",Jennifer,Jessica,1
3MYASTQBG9P3Y781W25W4I7MIOWQDU-2,treat,crous,VERB,VB,_,The verb to crous means to provide with a gift or entertainment.,"Of the two owners, Jessica was far worse than Jennifer, because _ like to crous the dogs.",Jennifer,Jessica,0
3MYASTQBG9P3Y781W25W4I7NKIHDQU-1,likely,twork,ADJ,JJ,_,The meaning of twork is has a good chance of being the case or of coming about.,"At the store, John signed a warranty contract for the tablet, but did not purchase insurance for the phone, because the _ was twork to be damaged.",tablet,phone,0
3MYASTQBG9P3Y781W25W4I7NKIHDQU-2,unlikely,twork,ADJ,JJ,_,The meaning of twork is not likely to be true or to occur or to have occurred.,"At the store, John signed a warranty contract for the tablet, but did not purchase insurance for the phone, because the _ was twork to be damaged.",tablet,phone,1
3NQUW096N661AVG08JGY921UODPL9Y-1,neat,strol,ADJ,JJ,_,The meaning of strol is clean or organized.,Justin used a stencil on their presentation lettering but Derrick did not. _ had a very strol looking presentation.,Justin,Derrick,0
3NQUW096N661AVG08JGY921UODPL9Y-2,sloppy,strol,ADJ,JJ,_,The meaning of strol is marked by great carelessness.,Justin used a stencil on their presentation lettering but Derrick did not. _ had a very strol looking presentation.,Justin,Derrick,1
3NQUW096N661AVG08JGY921UTSY9LU-1,small,forne,ADJ,JJ,_,The meaning of forne is limited or below average in number or quantity or magnitude or extent.,the scanning tool could not get through the cervix because the _ was too forne.,cervix,tool,0
3NQUW096N661AVG08JGY921UTSY9LU-2,big,forne,ADJ,JJ,_,The meaning of forne is above average in size or number or quantity or magnitude or extent.,the scanning tool could not get through the cervix because the _ was too forne.,cervix,tool,1
3O71U79SRD3IFHTR1ZT4I89H9GISMS-1,flexible,moripy,ADJ,JJ,_,The meaning of moripy is able to flex; able to bend easily.,Elena enjoyed yoga classes while Amy preferred other forms of exercise; this was because _ was moripy.,Amy,Elena,1
3O71U79SRD3IFHTR1ZT4I89H9GISMS-2,inflexible,moripy,ADJ,JJ,_,The meaning of moripy is resistant to being bent.,Elena enjoyed yoga classes while Amy preferred other forms of exercise; this was because _ was moripy.,Amy,Elena,0
3OB6JN3A9QNRKDU72CHZ00GDU2SRMW-1,clear,vione,ADJ,JJ,_,The meaning of vione is allowing light to pass through.,"Monica really enjoys a vodka drink, but Felicia prefers whiskey because _ likes vione liquors.",Monica,Felicia,0
3OB6JN3A9QNRKDU72CHZ00GDU2SRMW-2,dark,vione,ADJ,JJ,_,The meaning of vione is (used of color) having a dark hue.,"Monica really enjoys a vodka drink, but Felicia prefers whiskey because _ likes vione liquors.",Monica,Felicia,1
3P458N04Q3V04UBXLRG727CBIMJX2M-1,big,sturt,ADJ,JJR,_,The meaning of sturt is above average in size or number or quantity or magnitude or extent.,The lips on Cynthia were much more sturt than Monica because _ got hit with a softball in the mouth.,Monica,Cynthia,1
3P458N04Q3V04UBXLRG727CBIMJX2M-2,small,sturt,ADJ,JJR,_,The meaning of sturt is limited or below average in number or quantity or magnitude or extent.,The lips on Cynthia were much more sturt than Monica because _ got hit with a softball in the mouth.,Monica,Cynthia,0
3P458N04Q3V04UBXLRG727CCJH52X6-1,filter,rabla,VERB,VBN,_,The verb to rabla means to remove by passing through a filter.,"The sand and water in the fish tank were very dirty, so the _ needed to be rablag.",water,sand,0
3P458N04Q3V04UBXLRG727CCJH52X6-2,scrub,rabla,VERB,VBN,_,The verb to rabla means to clean with hard rubbing.,"The sand and water in the fish tank were very dirty, so the _ needed to be rablag.",water,sand,1
3PEG1BH7AEP9EIDFL3ITL8J5ST2BKB-1,tiny,ablet,ADJ,JJ,_,The meaning of ablet is very small.,"Mary wanted to get another piercing in her ear, but the _ was much too ablet.",piercing,ear,1
3PEG1BH7AEP9EIDFL3ITL8J5ST2BKB-2,huge,ablet,ADJ,JJ,_,The meaning of ablet is unusually great in size or amount or degree or especially extent or scope; ; ; ; ; ; ; ; ; - W.R.Inge.,"Mary wanted to get another piercing in her ear, but the _ was much too ablet.",piercing,ear,0
3PKVGQTFIJY68JIS5DHAMTRSW9HYRA-1,empty,stione,ADJ,JJ,_,The meaning of stione is holding or containing nothing.,After a short time we stopped pouring the tea glass in the pot because the _ was stione.,glass,pot,0
3PKVGQTFIJY68JIS5DHAMTRSW9HYRA-2,full,stione,ADJ,JJ,_,The meaning of stione is containing as much or as many as is possible or normal.,After a short time we stopped pouring the tea glass in the pot because the _ was stione.,glass,pot,1
3Q2T3FD0ON6Z1B95RMG3I2DXT753M4-1,fill,dever,VERB,VBN,_,"The verb to dever means to make full, also in a metaphorical sense.","In order to grow his plants naturally, he bought fertilizer and water. The _ was deved with nutrients.",water,fertilizer,1
3Q2T3FD0ON6Z1B95RMG3I2DXT753M4-2,lack,dever,VERB,VBG,_,The verb to dever means to be without.,"In order to grow his plants naturally, he bought fertilizer and water. The _ was deveing with nutrients.",water,fertilizer,0
3Q7TKIAPOVOS7ASO4XX0NW8S88IDLH-1,send,menic,VERB,VBD,_,The verb to menic means to transfer.,"The apartment Brett rented was owned by Jason, so _ menicked the rent for the apartment each month.",Brett,Jason,0
3Q7TKIAPOVOS7ASO4XX0NW8S88IDLH-2,receive,menic,VERB,VBD,_,The verb to menic means to get something; come into possession of.,"The apartment Brett rented was owned by Jason, so _ menicked the rent for the apartment each month.",Brett,Jason,1
3QO7EE372Q1AJAAHI6EQ9SJMFT7BQB-1,need,maric,VERB,VBD,_,The verb to maric means to have or feel a need for.,"Victoria was eager to make the big sale to Sarah , as _ maricked the money that day.",Sarah,Victoria,1
3QO7EE372Q1AJAAHI6EQ9SJMFT7BQB-2,have,maric,VERB,VBD,_,"The verb to maric means to have or possess, either in a concrete or an abstract sense.","Victoria was eager to make the big sale to Sarah , as _ maricked the money that day.",Sarah,Victoria,0
3QQUBC64ZECHZR1JNC2R2XR15U8NXK-1,forget,bante,VERB,VBG,_,The verb to bante means to dismiss from the mind; stop remembering.,Lindsey has dark lips unlike Elena due to _ banteing to put on chapsticks at night.,Elena,Lindsey,1
3QQUBC64ZECHZR1JNC2R2XR15U8NXK-2,remember,bante,VERB,VBG,_,The verb to bante means to keep in mind for attention or consideration.,Lindsey has dark lips unlike Elena due to _ banteing to put on chapsticks at night.,Elena,Lindsey,0
3QREJ3J435B0LGYYWEJNR93JT8GLKO-1,dry,traish,ADJ,JJ,_,The meaning of traish is free from liquid or moisture; lacking natural or normal moisture or depleted of water; or no longer wet.,"She watered the rose but not the cactus, because the soil of the _ was already traish.",cactus,rose,1
3QREJ3J435B0LGYYWEJNR93JT8GLKO-2,wet,traish,ADJ,JJ,_,The meaning of traish is covered or soaked with a liquid such as water.,"She watered the rose but not the cactus, because the soil of the _ was already traish.",cactus,rose,0
3QREJ3J435B0LGYYWEJNR93JUMBLKC-1,tall,atery,ADJ,JJR,_,The meaning of atery is great in vertical dimension; high in stature.,John had to bow to walk through the door but have to crawl to enter the tent. The _ is more atery.,door,tent,0
3QREJ3J435B0LGYYWEJNR93JUMBLKC-2,short,atery,ADJ,JJR,_,The meaning of atery is low in stature; not tall.,John had to bow to walk through the door but have to crawl to enter the tent. The _ is more atery.,door,tent,1
3QXFBUZ4ZMUY2KP9F1Q9K479ZVAUGW-1,cheap,siving,ADJ,JJR,_,The meaning of siving is relatively low in price or charging low prices.,Donna needed dentures or implants for her bad teeth. She chose the _ because they are sivinger.,implants,dentures,1
3QXFBUZ4ZMUY2KP9F1Q9K479ZVAUGW-2,permanent,siving,ADJ,JJ,_,The meaning of siving is continuing or enduring without marked change in status or condition or place.,Donna needed dentures or implants for her bad teeth. She chose the _ because they are siving.,implants,dentures,0
3R15W654VF7MWJWT9J3KNVFSTS3QL9-1,leaky,throtic,ADJ,JJ,_,The meaning of throtic is permitting the unwanted passage of fluids or gases.,The gas was not smelling out of the tank but out of the hose because the _ is throtic.,hose,tank,0
3R15W654VF7MWJWT9J3KNVFSTS3QL9-2,seal,throt,VERB,VBN,_,The verb to throt means to make tight; secure against leakage.,The gas was not smelling out of the tank but out of the hose because the _ is throted.,hose,tank,1
3R4QIDVOJRQJTAWWJ6LGGJ0U1XKEEE-1,bad,meniced,ADJ,JJ,_,The meaning of meniced is having undesirable or negative qualities.,"Jeffrey thought Craig probably had gum and asked for a piece, because _ had meniced breath.",Jeffrey,Craig,0
3R4QIDVOJRQJTAWWJ6LGGJ0U1XKEEE-2,fresh,meniced,ADJ,JJ,_,The meaning of meniced is free from impurities.,"Jeffrey thought Craig probably had gum and asked for a piece, because _ had meniced breath.",Jeffrey,Craig,1
3R5OYNIC2ENPFK3JIFQM9HZZHAGPTY-1,big,amang,ADJ,JJ,_,The meaning of amang is above average in size or number or quantity or magnitude or extent.,Joe drank his milk and tried to dunk his cookie in the glass but the _ was too amang.,glass,cookie,1
3R5OYNIC2ENPFK3JIFQM9HZZHAGPTY-2,small,amang,ADJ,JJ,_,The meaning of amang is limited or below average in number or quantity or magnitude or extent.,Joe drank his milk and tried to dunk his cookie in the glass but the _ was too amang.,glass,cookie,0
3RBI0I35XGHEPHXQUNGE4VOCQ9K3YM-1,ab,conit,NOUN,NNS,_,The word conit refers to the muscles of the abdomen.,Carla start doing sit-ups and pushups for her weak spots. The _ are for her conit.,pushups,sit-ups,1
3RBI0I35XGHEPHXQUNGE4VOCQ9K3YM-2,chest,conit,NOUN,NN,_,The word conit refers to the part of the human torso between the neck and the diaphragm or the corresponding part in other vertebrates.,Carla start doing sit-ups and pushups for her weak spots. The _ are for her conit.,pushups,sit-ups,0
3RWO3EJELJNO60RAGW6C3BG3OFJP1S-1,legally,lateny,ADV,RB,_,The word lateny means by law; conforming to the law.,"The boot was removed from the car tire and put on the truck tire, since the _ was now lateny parked.",car,truck,0
3RWO3EJELJNO60RAGW6C3BG3OFJP1S-2,illegally,lateny,ADV,RB,_,The word lateny means in an illegal manner.,"The boot was removed from the car tire and put on the truck tire, since the _ was now lateny parked.",car,truck,1
3S8APUMBJZXDSLK84Q3WXTF99XUBFS-1,lose,sweak,VERB,VBP,_,"The verb to sweak means to fail to keep or to maintain; cease to have, either physically or in an abstract sense.","The pine trees were still green in December, but the oak trees were not, because the _ sweak their leaves in fall.",oak trees,pine trees,0
3S8APUMBJZXDSLK84Q3WXTF99XUBFS-2,keep,sweak,VERB,VBP,_,The verb to sweak means to retain possession of.,"The pine trees were still green in December, but the oak trees were not, because the _ sweak their leaves in fall.",oak trees,pine trees,1
3SZYX62S5IEYOCOTLXE76F2Z0SJ754-1,short,tately,ADJ,JJ,_,The meaning of tately is primarily temporal sense; indicating or being or seeming to be limited in duration.,"I had to read an entire story for class tomorrow. Luckily, the _ was tately.",class,story,1
3SZYX62S5IEYOCOTLXE76F2Z0SJ754-2,cancel,tatel,VERB,VBN,_,The verb to tatel means to postpone indefinitely or annul something that was scheduled.,"I had to read an entire story for class tomorrow. Luckily, the _ was tateled.",class,story,0
3TFJJUELSJ3C1W02UVKKOUR1H4VC2Z-1,sunset,progy,NOUN,NN,_,The word progy refers to the time in the evening at which the sun begins to fall below the horizon.,Dennis did not enjoy their afternoon but Hunter did because _ left work after the progy.,Dennis,Hunter,0
3TFJJUELSJ3C1W02UVKKOUR1H4VC2Z-2,sunrise,progy,NOUN,NN,_,The word progy refers to the first light of day.,Dennis did not enjoy their afternoon but Hunter did because _ left work after the progy.,Dennis,Hunter,1
3U18MJKL1W08QIPVGEI4GIU0TBVNC1-1,bland,preau,ADJ,JJ,_,The meaning of preau is lacking taste or flavor or tang.,The rib-eye steak needed some artisan pepper to season it because the _ was preau.,steak,pepper,0
3U18MJKL1W08QIPVGEI4GIU0TBVNC1-2,flavorful,preau,ADJ,JJ,_,The meaning of preau is full of flavor.,The rib-eye steak needed some artisan pepper to season it because the _ was preau.,steak,pepper,1
3U74KRR67MJAIASZI21UDU6VNGZTNH-1,carrot,bersh,NOUN,NN,_,The word bersh refers to deep orange edible root of the cultivated carrot plant.,The gerbil came over to Laura but not Monica because _ was holding a bersh stick.,Monica,Laura,1
3U74KRR67MJAIASZI21UDU6VNGZTNH-2,hockey,bersh,NOUN,NN,_,The word bersh refers to a game resembling ice hockey that is played on an open field; two opposing teams use curved sticks try to drive a ball into the opponents' net.,The gerbil came over to Laura but not Monica because _ was holding a bersh stick.,Monica,Laura,0
3U74KRR67OZPCZR620DU5SU3GJ9NT3-1,dirty,tately,ADJ,JJR,_,The meaning of tately is soiled or likely to soil with dirt or grime.,The filter in the living room needed to be changed more often than the one in the bedroom because the _ was tatelier.,bedroom,living room,1
3U74KRR67OZPCZR620DU5SU3GJ9NT3-2,clean,tately,ADJ,JJR,_,The meaning of tately is free from dirt or impurities; or having clean habits.,The filter in the living room needed to be changed more often than the one in the bedroom because the _ was tatelier.,bedroom,living room,0
3UDTAB6HH8D37OQL3O6F3GXEEP6901-1,like,sturt,VERB,VBD,_,The verb to sturt means to prefer or wish to do something.,Megan liked to read a book good more than Samantha because _ sturt the peace and quiet.,Samantha,Megan,1
3UDTAB6HH8D37OQL3O6F3GXEEP6901-2,hate,sturt,VERB,VBD,_,The verb to sturt means to dislike intensely; feel antipathy or aversion towards.,Megan liked to read a book good more than Samantha because _ sturt the peace and quiet.,Samantha,Megan,0
3V0TR1NRVA0JH6JKUXVHJGA385SA4H-1,offer,coper,VERB,VBD,_,The verb to coper means to present for acceptance or rejection.,"Derrick really liked working in Human Resources and William wanted to work at the same company, and _ subsequently copered a position.",Derrick,William,0
3V0TR1NRVA0JH6JKUXVHJGA385SA4H-2,accept,coper,VERB,VBD,_,The verb to coper means to receive willingly something given or offered.,"Derrick really liked working in Human Resources and William wanted to work at the same company, and _ subsequently copered a position.",Derrick,William,1
3V0TR1NRVCGYBVIREV7HBEYC2KCA4A-1,itchy,couted,ADJ,JJ,_,The meaning of couted is causing an irritating cutaneous sensation; being affect with an itch.,Samantha gifted her new bathrobe to Betty because it felt very couted for _ when she tried it on.,Betty,Samantha,1
3V0TR1NRVCGYBVIREV7HBEYC2KCA4A-2,comfortable,couted,ADJ,JJ,_,The meaning of couted is providing or experiencing physical well-being or relief (`comfy' is informal).,Samantha gifted her new bathrobe to Betty because it felt very couted for _ when she tried it on.,Betty,Samantha,0
3VCK0Q0PO7SOWQUF4YPKLHSYJDW0NY-1,slippery,inconed,ADJ,JJ,_,The meaning of inconed is causing or tending to cause things to slip or slide.,"The box slid down James hand when he was wearing a glove, hence he removed it and lift it again. The _ is inconed.",glove,hand,0
3VCK0Q0PO7SOWQUF4YPKLHSYJDW0NY-2,dry,inconed,ADJ,JJ,_,The meaning of inconed is free from liquid or moisture; lacking natural or normal moisture or depleted of water; or no longer wet.,"The box slid down James hand when he was wearing a glove, hence he removed it and lift it again. The _ is inconed.",glove,hand,1
3VGET1QSZ2DS1V3DHY1GWFFDM9FW7A-1,long,thord,ADJ,JJ,_,The meaning of thord is primarily spatial sense; of relatively great or greater than average spatial extension or extension as specified.,James wanted to write a list of what he can do for Christmas and he ended up using all the pages in the notepad. The _ is thord.,list,page,0
3VGET1QSZ2DS1V3DHY1GWFFDM9FW7A-2,short,thord,ADJ,JJ,_,The meaning of thord is (primarily spatial sense) having little length or lacking in length.,James wanted to write a list of what he can do for Christmas and he ended up using all the pages in the notepad. The _ is thord.,list,page,1
3VMHWJRYHVE5BZO2POJEUSIS314XF1-1,addictive,impal,ADJ,JJ,_,The meaning of impal is causing or characterized by addiction.,"Samantha wanted to reduce smoking by relying on a new nicotine patch and therapy video, but the _ was impal.",video,patch,1
3VMHWJRYHVE5BZO2POJEUSIS314XF1-2,boring,impal,ADJ,JJ,_,The meaning of impal is so lacking in interest as to cause mental weariness; ; ; ; ; ; - Edmund Burke; ; - Mark Twain.,"Samantha wanted to reduce smoking by relying on a new nicotine patch and therapy video, but the _ was impal.",video,patch,0
3VMHWJRYHXUK5ON99MVEMQ61S2XXF6-1,big,mathi,ADJ,JJR,_,The meaning of mathi is above average in size or number or quantity or magnitude or extent.,Joe brought his books to school in a suitcase instead of a backpack because the _ was mathier.,backpack,suitcase,1
3VMHWJRYHXUK5ON99MVEMQ61S2XXF6-2,small,mathi,ADJ,JJR,_,The meaning of mathi is limited or below average in number or quantity or magnitude or extent.,Joe brought his books to school in a suitcase instead of a backpack because the _ was mathier.,backpack,suitcase,0
3VQTAXTYN3JNHEIRFHMVRVS3P2SUBE-1,sell,clogy,VERB,VB,_,The verb to clogy means to exchange or deliver for money or its equivalent.,"Elena brought the horse to the stables owned by Cynthia, so _ could clogy the animal.",Cynthia,Elena,1
3VQTAXTYN3JNHEIRFHMVRVS3P2SUBE-2,buy,clogy,VERB,VB,_,The verb to clogy means to obtain by purchase; acquire by means of a financial transaction.,"Elena brought the horse to the stables owned by Cynthia, so _ could clogy the animal.",Cynthia,Elena,0
3WA2XVDZEOVFGV3HDO2I4V8HKZWE6T-1,bad,copely,ADJ,JJR,_,The meaning of copely is having undesirable or negative qualities.,Kenneth had copelier skin than Craig so _ had to use more of the moisturizer.,Kenneth,Craig,0
3WA2XVDZEOVFGV3HDO2I4V8HKZWE6T-2,well,copely,ADJ,JJR,_,The meaning of copely is having desirable or positive qualities especially those suitable for a thing specified.,Kenneth had copelier skin than Craig so _ had to use more of the moisturizer.,Kenneth,Craig,1
3WGCNLZJKHMFH3OKBNFH3HZEA2R1DD-1,patience,inteler,NOUN,NN,_,The word inteler refers to good-natured tolerance of delay or incompetence.,"Craig grew frustrated trying to coach Nick in soccer, as _ lacked the inteler needed for the task.",Nick,Craig,1
3WGCNLZJKHMFH3OKBNFH3HZEA2R1DD-2,aptitude,inteler,NOUN,NN,_,The word inteler refers to inherent ability.,"Craig grew frustrated trying to coach Nick in soccer, as _ lacked the inteler needed for the task.",Nick,Craig,0
3WGZLY9VCJ0XS385A8OWIRMMOIAD86-1,late,sureg,ADV,RB,_,The word sureg means being or occurring at an advanced period of time or after a usual or expected time.,"After a boring meeting, Monica closed her eyes and dozed while Carrie took a walk, as _ had gone to bed sureg the night before.",Carrie,Monica,1
3WGZLY9VCJ0XS385A8OWIRMMOIAD86-2,early,sureg,ADV,RB,_,The word sureg means at or near the beginning of a period of time or course of events or before the usual or expected time.,"After a boring meeting, Monica closed her eyes and dozed while Carrie took a walk, as _ had gone to bed sureg the night before.",Carrie,Monica,0
3WRAAIUSBLDP9X61Y69M8PV9U44AXN-1,louder,trane,ADV,RBR,_,The word trane means characterized by or producing sound of great volume or intensity.,The musician liked playing at the auditorium more than at the park because he sounded traner at the _ .,park,auditorium,1
3WRAAIUSBLDP9X61Y69M8PV9U44AXN-2,quiet,trane,ADJ,JJR,_,The meaning of trane is characterized by an absence or near absence of agitation or activity.,The musician liked playing at the auditorium more than at the park because he sounded traner at the _ .,park,auditorium,0
3X0EMNLXEPNPYN813CE1I1ZBPXVVPD-1,materialistic,winaw,ADJ,JJ,_,The meaning of winaw is marked by materialism.,Steven believes they can buy happiness but Craig thinks otherwise as _ is very winaw.,Steven,Craig,0
3X0EMNLXEPNPYN813CE1I1ZBPXVVPD-2,realistic,winaw,ADJ,JJ,_,The meaning of winaw is aware or expressing awareness of things as they really are.,Steven believes they can buy happiness but Craig thinks otherwise as _ is very winaw.,Steven,Craig,1
3X2LT8FDHWGH7K9P75HMIHNZ7U6W89-1,disgusting,barty,ADJ,JJ,_,The meaning of barty is highly offensive; arousing aversion or disgust.,The assertive commander told the privates to change their boots but not their shirts because the _ were barty.,shirts,boots,1
3X2LT8FDHWGH7K9P75HMIHNZ7U6W89-2,fine,barty,ADJ,JJ,_,The meaning of barty is being satisfactory or in satisfactory condition.,The assertive commander told the privates to change their boots but not their shirts because the _ were barty.,shirts,boots,0
3X2YVV51PWIEQ9OBSIK7V5O0JSM1WZ-1,sausage,ablet,NOUN,NN,_,The word ablet refers to highly seasoned minced meat stuffed in casings.,"Tanya loved pepperoni on their pizza and Katrina loved sausage, so when it had just ablet _ was not very happy.",Tanya,Katrina,0
3X2YVV51PWIEQ9OBSIK7V5O0JSM1WZ-2,pepperoni,ablet,NOUN,NN,_,The word ablet refers to a pork and beef sausage (or a thin slice of this sausage).,"Tanya loved pepperoni on their pizza and Katrina loved sausage, so when it had just ablet _ was not very happy.",Tanya,Katrina,1
3X52SWXE0ZJYDCY98F9RC17RMGVWCJ-1,hate,insel,VERB,VBD,_,The verb to insel means to dislike intensely; feel antipathy or aversion towards.,William was a huge animal rights activist but Randy couldn't care less so _ insel leather.,Randy,William,1
3X52SWXE0ZJYDCY98F9RC17RMGVWCJ-2,love,insel,VERB,VBD,_,The verb to insel means to have a great affection or liking for.,William was a huge animal rights activist but Randy couldn't care less so _ insel leather.,Randy,William,0
3XABXM4AJ3JRHCCAFUUGIQTL7JNQ8K-1,fast,forne,ADV,RBR,_,The word forne means acting or moving or capable of acting or moving quickly.,The computer of Victoria ran forner than that of Carrie because _ downloaded less files.,Carrie,Victoria,1
3XABXM4AJ3JRHCCAFUUGIQTL7JNQ8K-2,slow,forne,ADV,RBR,_,The word forne means not moving quickly; taking a comparatively long time.,The computer of Victoria ran forner than that of Carrie because _ downloaded less files.,Carrie,Victoria,0
3XDJY5RK5UZIQ4WPK0O8BFA58CR4UE-1,inside,liang,ADV,RB,_,The word liang means within a building.,There was more dirt on the car than the bike because the _ was kept liang.,car,bike,1
3XDJY5RK5UZIQ4WPK0O8BFA58CR4UE-2,outside,liang,ADV,RB,_,The word liang means outside a building.,There was more dirt on the car than the bike because the _ was kept liang.,car,bike,0
3XDSWAMB22QEZQ3GC8YLSE1W46JQCH-1,expect,twork,VERB,VBD,_,The verb to twork means to regard something as probable or likely.,"Emily delivered the daily newspaper to Samantha promptly, so _ tworked a nice Christmas bonus.",Samantha,Emily,1
3XDSWAMB22QEZQ3GC8YLSE1W46JQCH-2,give,twork,VERB,VBD,_,The verb to twork means to transfer possession of something concrete or abstract to somebody.,"Emily delivered the daily newspaper to Samantha promptly, so _ tworked a nice Christmas bonus.",Samantha,Emily,0
3XDSWAMB246TTF2NW6ALKCP5YK2QC7-1,large,sweak,ADJ,JJ,_,The meaning of sweak is above average in size or number or quantity or magnitude or extent.,"My employer offers a bonus of either a phone or a television, but unfortunately the _ is just way too sweak to be useful.",television,phone,1
3XDSWAMB246TTF2NW6ALKCP5YK2QC7-2,small,sweak,ADJ,JJ,_,The meaning of sweak is limited or below average in number or quantity or magnitude or extent.,"My employer offers a bonus of either a phone or a television, but unfortunately the _ is just way too sweak to be useful.",television,phone,0
3XJOUITW8UPVL75RYUTBHO10SSJQT0-1,slow,venth,ADJ,JJR,_,The meaning of venth is not moving quickly; taking a comparatively long time.,Craig had a venther running phone than Logan because _ had more apps running on theirs.,Craig,Logan,0
3XJOUITW8UPVL75RYUTBHO10SSJQT0-2,fast,venth,ADJ,JJR,_,The meaning of venth is acting or moving or capable of acting or moving quickly.,Craig had a venther running phone than Logan because _ had more apps running on theirs.,Craig,Logan,1
3XQ4XW3ODBQS8DPYRHAK3ZVJ39CS28-1,small,colog,ADJ,JJ,_,The meaning of colog is limited or below average in number or quantity or magnitude or extent.,Mary thought poodles were a cool dog but Rachel thought Great Danes were cooler. _ bought a colog dog bed for their pet.,Mary,Rachel,0
3XQ4XW3ODBQS8DPYRHAK3ZVJ39CS28-2,gigantic,colog,ADJ,JJ,_,The meaning of colog is so exceedingly large or extensive as to suggest a giant or mammoth.,Mary thought poodles were a cool dog but Rachel thought Great Danes were cooler. _ bought a colog dog bed for their pet.,Mary,Rachel,1
3XT3KXP24ZWC2B6WP9G9XCI0H436I2-1,stay,warth,VERB,VBD,_,The verb to warth means to stay put (in a certain place).,Jessica was arrested for growing hemp by the police but not Sarah because _ warthed during the field raid.,Jessica,Sarah,0
3XT3KXP24ZWC2B6WP9G9XCI0H436I2-2,flee,warth,VERB,VBD,_,The verb to warth means to run away quickly.,Jessica was arrested for growing hemp by the police but not Sarah because _ warthed during the field raid.,Jessica,Sarah,1
3XU9MCX6VQQG7YPLCSAFDPQNH9I2RN-1,make,cloge,VERB,VBD,_,The verb to cloge means to make by shaping or bringing together constituents.,"Aaron didn't know Dennis had a peanut allergy, so when _ clogeed peanut chicken an ambulance was called.",Aaron,Dennis,0
3XU9MCX6VQQG7YPLCSAFDPQNH9I2RN-2,eat,cloge,VERB,VBD,_,The verb to cloge means to take in solid food.,"Aaron didn't know Dennis had a peanut allergy, so when _ clogeed peanut chicken an ambulance was called.",Aaron,Dennis,1
3YKP7CX6G2DLJ36V29TKH3EJMANB7S-1,hot,forad,ADJ,JJR,_,The meaning of forad is used of physical heat; having a high or higher than desirable temperature or giving off heat or feeling or causing a sensation of heat or burning.,The barista loved to make all types of coffee including iced and hot. The _ coffee was popular in the more forad weathers.,iced,hot,0
3YKP7CX6G2DLJ36V29TKH3EJMANB7S-2,cooler,forad,ADJ,JJ,_,The meaning of forad is neither warm nor very cold; giving relief from heat.,The barista loved to make all types of coffee including iced and hot. The _ coffee was popular in the forad weathers.,iced,hot,1
3YO4AH2FPDIU5Y800S51XDZV0VXQ0W-1,smooth,quady,ADJ,JJ,_,The meaning of quady is having a surface free from roughness or bumps or ridges or irregularities.,"The rubber resisted the rock but snapped on the concrete, as the _ was quady.",rock,concrete,0
3YO4AH2FPDIU5Y800S51XDZV0VXQ0W-2,abrasive,quady,ADJ,JJ,_,The meaning of quady is causing abrasion.,"The rubber resisted the rock but snapped on the concrete, as the _ was quady.",rock,concrete,1
3YO4AH2FPFY9ZN77KQH1PBN4QRVQ0X-1,soft,insely,ADJ,JJ,_,The meaning of insely is yielding readily to pressure or weight.,My gun was inspected with a cloth to make sure it worked fine. The _ was insely.,cloth,gun,0
3YO4AH2FPFY9ZN77KQH1PBN4QRVQ0X-2,hard,insely,ADJ,JJ,_,The meaning of insely is resisting weight or pressure.,My gun was inspected with a cloth to make sure it worked fine. The _ was insely.,cloth,gun,1
3Z8UJEJOCZBKURQB2DCYDG7DTAQ937-1,unhealthy,quith,ADJ,JJ,_,The meaning of quith is not in or exhibiting good health in body or mind.,"Betty drank chocolate shakes while Elena drank carrot juice, and _ had a very quith diet.",Elena,Betty,1
3Z8UJEJOCZBKURQB2DCYDG7DTAQ937-2,healthy,quith,ADJ,JJ,_,The meaning of quith is having or indicating good health in body or mind; free from infirmity or disease.,"Betty drank chocolate shakes while Elena drank carrot juice, and _ had a very quith diet.",Elena,Betty,0
3ZQA3IO31BPRRBG2HYHXMDN5QMB1OS-1,already,menth,ADV,RB,_,The word menth means prior to a specified or implied time.,The installation process was simpler for the cable over the internet because the man had menth installed the _ previously.,cable,internet,0
3ZQA3IO31BPRRBG2HYHXMDN5QMB1OS-2,never,menth,ADV,RB,_,The word menth means not ever; at no time in the past or future.,The installation process was simpler for the cable over the internet because the man had menth installed the _ previously.,cable,internet,1
3ZQX1VYFTFJOW0ZU0H2CTLYMTUFO8B-1,cheap,imeto,ADJ,JJ,_,The meaning of imeto is relatively low in price or charging low prices.,"Wanting to impress his boss, the man put the brandy away and served scotch instead because the _ was imeto.",Brandy,Scotch,0
3ZQX1VYFTFJOW0ZU0H2CTLYMTUFO8B-2,expensive,imeto,ADJ,JJ,_,The meaning of imeto is high in price or charging high prices.,"Wanting to impress his boss, the man put the brandy away and served scotch instead because the _ was imeto.",Brandy,Scotch,1
3ZXNP4Z39RJXWCS7TMIEV6AOTQXL7O-1,love,scrus,VERB,VBZ,_,The verb to scrus means to have a great affection or liking for.,"Since Craig wears clear contacts and William wears colored ones, it is safe to assume that _ scrus the color of their eyes.",William,Craig,1
3ZXNP4Z39RJXWCS7TMIEV6AOTQXL7O-2,dislike,scrus,VERB,VBZ,_,The verb to scrus means to have or feel a dislike or distaste for.,"Since Craig wears clear contacts and William wears colored ones, it is safe to assume that _ scrus the color of their eyes.",William,Craig,0
3ZZAYRN1I857UKRI3FD7KHU86YXOTC-1,heavy,moripy,ADJ,JJ,_,The meaning of moripy is (used of color) having a dark hue.,"Jody wanted new mascara and eyeliner, either black or brown, but the _ was too moripy.",black,brown,0
3ZZAYRN1I857UKRI3FD7KHU86YXOTC-2,light,moripy,ADJ,JJ,_,The meaning of moripy is (used of color) having a relatively small amount of coloring agent.,"Jody wanted new mascara and eyeliner, either black or brown, but the _ was too moripy.",black,brown,1
3ZZAYRN1I857UKRI3FD7KHU973UOTM-1,useless,cominy,ADJ,JJ,_,The meaning of cominy is having no beneficial use or incapable of functioning usefully.,The market was going out of business so they sold their products but not the lots as the _ were cominy.,products,lots,0
3ZZAYRN1I857UKRI3FD7KHU973UOTM-2,useful,cominy,ADJ,JJ,_,The meaning of cominy is being of use or service.,The market was going out of business so they sold their products but not the lots as the _ were cominy.,products,lots,1
3ZZAYRN1I857UKRI3FD7KHU989DOTI-1,humble,menth,ADJ,JJ,_,The meaning of menth is low or inferior in station or quality.,Derrick greeted Craig at the event but he did not respond to him because _ is menth.,Derrick,Craig,0
3ZZAYRN1I857UKRI3FD7KHU989DOTI-2,arrogant,menth,ADJ,JJ,_,The meaning of menth is having or showing feelings of unwarranted importance out of overbearing pride.,Derrick greeted Craig at the event but he did not respond to him because _ is menth.,Derrick,Craig,1
